start_jid,end_jid,sfzh,phone,start_time,end_time
401,10000378,150201197309306561,13842719861,1460995200,1516550400
927,10000175,320100196507289446,15276712764,1492790400,1547395200
268,10000092,370686196604068406,14529719996,1465833600,1536681600
710,10000756,421087193804089178,18781737538,1510934400,1537632000
352,10000830,44162319690103568X,15688712715,1467993600,1517241600
833,10000792,36068119431125187X,15599903714,1495123200,1527782400
777,10000565,410482199908136607,13813950160,1423670400,1542384000
259,10000016,410182197005127480,14518994990,1468425600,1549468800
433,10000155,230200199706104253,15550843889,1473177600,1536854400
737,10000627,542427196703315532,18868506481,1501430400,1520179200
526,10000440,611001198910144677,14754723310,1441555200,1547740800
217,10000444,520324196503066447,15944282746,1441814400,1525449600
174,10000310,23060019920409152X,18548583040,1481212800,1520870400
778,10000709,340202193910081248,13551310443,1432656000,1575993600
28,10000985,330424197203228293,13661457460,1497715200,1531843200
663,10000855,410726194012205270,18834630280,1460995200,1543852800
99,10000102,433124195308035202,14773108347,1443456000,1529596800
821,10000915,230129198201189979,18284775093,1444924800,1539187200
32,10000433,410581195712222715,15838257809,1422460800,1551628800
200,10000861,341824198209214836,13779223555,1510934400,1519315200
619,10000746,320105195110152422,18021426954,1502035200,1563984000
453,10000681,220702197106045244,14598463531,1450800000,1568217600
374,10000582,130526196212233664,18065859658,1451318400,1532966400
948,10000697,230803198506220062,13356253493,1428163200,1552492800
16,10000571,210803197707066091,18233140871,1498406400,1559232000
515,10000395,542600198206203492,15022414657,1483027200,1577635200
490,10000010,610624195505262613,18658199877,1483459200,1555603200
548,10000096,411722197402124950,15580868894,1481904000,1558627200
728,10000022,130108199106140404,18182403704,1427904000,1555862400
618,10000033,620921198102204438,18723229438,1470844800,1575648000
715,10000590,34070319930613472X,13824708783,1453564800,1549555200
284,10000492,440304198308170736,18177631751,1501776000,1523548800
766,10000487,510682199102019422,15341961167,1512144000,1518192000
72,10000702,654325198003126544,13573496620,1468944000,1515945600
154,10000420,370923194912195871,18012655126,1460995200,1534780800
149,10000464,43048219470903625X,15658282919,1492790400,1517241600
42,10000513,650121194601086142,13260947786,1434038400,1541779200
832,10000119,371727194802179374,18917296927,1420992000,1556380800
393,10000703,15040219310502027X,13737274813,1457712000,1522080000
606,10000650,51111319380610862X,13979389687,1466438400,1553616000
250,10000759,450304198803043998,15083877622,1504540800,1530460800
76,10000880,500223198303195555,18044932967,1507478400,1555516800
75,10000249,140829199406014348,13265065071,1475078400,1514736000
652,10000294,13012819961220631X,18160550244,1504972800,1541865600
781,10000304,140108195210207641,15980184548,1436112000,1530115200
334,10000752,411722200101225226,13131535974,1454688000,1572105600
726,10000757,511113194308235153,15649504996,1483286400,1565193600
201,10000956,441625194303195791,15793219223,1500480000,1550851200
323,10000874,500109198112294451,15351610268,1508083200,1544976000
400,10000860,120114195205299071,13058989827,1459267200,1543248000
365,10000139,460106198708205227,15227380090,1465747200,1546272000
601,10000403,340225198005083355,15568684157,1448035200,1526400000
714,10000285,230601196604202172,13488186453,1502294400,1546185600
983,10000226,450500200109037948,18217028256,1492185600,1518710400
237,10000725,451023196608045204,13343129057,1499356800,1564675200
134,10000933,431228195502132603,15846872842,1423324800,1542643200
158,10000362,341102196802225266,13576150021,1422288000,1543334400
824,10000559,630103197404098758,14504584582,1495555200,1559750400
722,10000391,654022194408139323,18261323841,1473955200,1556121600
240,10000608,440511195009219289,18149834443,1495468800,1547913600
965,10000626,610102197704166046,13871727085,1456416000,1550419200
541,10000669,350825197105232178,15287877166,1488038400,1576252800
481,10000233,429006193907012471,14795065434,1491753600,1543420800
384,10000735,540224199604206703,15684840444,1471104000,1546358400
85,10000572,533400196105044591,14727557806,1512662400,1569427200
798,10000217,43122619690514570X,13800002814,1432310400,1519228800
646,10000563,620981198405068396,18110460939,1465056000,1553529600
495,10000665,140224200008223487,18208256940,1434297600,1573833600
744,10000660,500107198601056830,18535678234,1430236800,1539619200
514,10000062,410505196504050902,13368313358,1462896000,1564588800
285,10000278,410181197408126136,18005279097,1429372800,1528041600
388,10000485,460203197510066470,13067380465,1479225600,1524412800
311,10000929,45048119660302226X,14726083492,1447430400,1528041600
697,10000507,320601199606303642,15216912369,1439740800,1552579200
658,10000520,231202196910182160,15694663137,1506700800,1574697600
351,10000831,41160119690515624X,13021944828,1429718400,1530201600
297,10000080,451023197403075009,13256623532,1422374400,1557158400
394,10000785,653224198808297110,13915892738,1469203200,1516464000
335,10000853,130622200103200109,13325873448,1483113600,1562256000
609,10000555,532925200108056056,18511501083,1473609600,1530201600
387,10000550,150105195812211413,13974937189,1455638400,1529942400
455,10000984,350601197412280821,13780370745,1455033600,1536940800
261,10000569,511827196401137502,18297383084,1443888000,1559059200
360,10000595,210703199702072285,15519661828,1502121600,1517414400
712,10000432,320206195909051800,18721053731,1445529600,1557763200
218,10000316,15062519901107187X,18106576648,1447776000,1518451200
975,10000895,230124197609162343,15332622881,1481126400,1549814400
866,10000224,653122199308147753,13160991528,1424793600,1549468800
704,10000121,610828196106030410,18817387523,1450800000,1530201600
553,10000039,410704198411097035,18568357231,1440086400,1537632000
37,10000942,440203199003267695,13090956477,1459440000,1516464000
78,10000568,210000198512029225,15315443024,1497628800,1543766400
34,10000238,150703196006142980,13689803377,1435939200,1530633600
486,10000506,320200196710115121,15026053932,1485360000,1530201600
282,10000941,54223219550612680X,15336394591,1444233600,1524240000
363,10000133,430381193403182928,13881205276,1481558400,1528041600
543,10000801,654002193510272067,18194261826,1512489600,1542902400
568,10000667,650106193407168074,15733542187,1428422400,1541260800
40,10000740,41162519660120221X,13409267425,1422979200,1564761600
54,10000645,140502194007314635,18169943296,1434297600,1526313600
690,10000024,411122193311272025,13424471019,1478102400,1524067200
82,10000859,500110196805202384,15887504148,1452700800,1518019200
121,10000461,36102119931211330X,18745558532,1474473600,1565452800
146,10000515,411082193601058132,15880249786,1507478400,1552752000
275,10000115,430600193107175713,13688437591,1513267200,1517328000
5,10000348,411401194501224859,18922983089,1462464000,1559059200
907,10000599,330802198005279784,13455957580,1467648000,1523548800
354,10000814,361122195806205638,14521149444,1426176000,1576944000
127,10000364,370304197204256989,13885817742,1425312000,1521388800
60,10000048,360401198901293426,18760335445,1451750400,1568736000
867,10000750,210202193808089164,15568056201,1456934400,1545494400
199,10000354,230708198005165380,18626791945,1494864000,1570118400
869,10000692,370830197601044496,13648123503,1449849600,1528732800
916,10000747,530000196501064565,18776599373,1447257600,1556553600
860,10000041,64018119941225874X,15302334223,1442160000,1521216000
747,10000616,533100195504287469,18231562783,1456156800,1549555200
403,10000157,46900619590819981X,13418054071,1467216000,1535904000
723,10000441,650106199605082754,13725164930,1437667200,1535385600
807,10000454,62030019330531092X,15283541144,1452873600,1556812800
808,10000468,340521193709187353,13221677119,1441296000,1567785600
155,10000782,110117197904137799,18991047140,1454860800,1563292800
153,10000647,220421197910032818,13618804022,1453478400,1569081600
789,10000516,330421195808018215,13658907059,1486310400,1561737600
176,10000235,542424199107048049,13880530525,1449158400,1552406400
755,10000910,360703193212026142,18079229879,1448208000,1564502400
880,10000306,44078519521009556X,15614811029,1452441600,1515513600
36,10000744,360600195205142852,13819005752,1433088000,1556812800
673,10000532,130105194607182926,18973596539,1442592000,1519660800
962,10000331,44022219811231765X,18768516801,1425398400,1558281600
566,10000939,51160219761101198X,18669720298,1450713600,1551283200
347,10000951,331082196012262286,15567789512,1500652800,1524240000
705,10000921,450200197808045911,15535265385,1436976000,1575475200
793,10000359,340523196802291178,15236857157,1490198400,1518883200
447,10000994,431024195108276493,13592330692,1430582400,1518883200
902,10000242,360723198612204479,14505142192,1427644800,1520092800
567,10000384,510921194003165417,13231851995,1482595200,1559318400
686,10000607,440116196702126544,13249999614,1460304000,1547568000
405,10000944,140224198308307172,15023601739,1439049600,1534003200
621,10000254,141100196410278609,18631815620,1473955200,1519833600
434,10000450,430811194309249391,14546704966,1439308800,1547136000
888,10000535,220605196206173680,13689654967,1452355200,1562947200
809,10000241,220422197001300615,18607310730,1495987200,1573660800
358,10000311,513424197610271404,14549637613,1486915200,1547222400
971,10000176,320104198301319771,18967559400,1502553600,1564329600
170,10000564,230229193909259023,18966252730,1422979200,1514736000
949,10000551,421022198405144904,18171973730,1458748800,1562515200
685,10000025,130927196005160210,15857010754,1459699200,1542816000
189,10000486,350900193004244866,18095718726,1460822400,1515168000
780,10000480,610430196008156650,13665310902,1487865600,1576944000
505,10000452,330481196602135695,15516637901,1480521600,1565193600
668,10000666,350301197204127893,18159769309,1435161600,1567526400
840,10000063,350582196710037596,14587114719,1429545600,1562601600
220,10000475,320508199205083772,15797566408,1488556800,1567958400
27,10000366,37010419480220552X,15734150661,1503158400,1554825600
96,10000675,130401199009249274,13941796656,1457539200,1541692800
775,10000628,360728195707231208,14566736170,1498579200,1577030400
816,10000361,640401197601044703,15500137301,1474473600,1528992000
571,10000846,34120019460812836X,15998579317,1505577600,1559404800
273,10000447,210781199705154998,15302900938,1493913600,1550764800
171,10000116,32072319880204582X,18260426046,1441814400,1552752000
209,10000170,610823199509140544,14525084052,1447257600,1571500800
463,10000593,210600196002298760,15188083170,1441814400,1531238400
245,10000333,511502197704135361,13482418852,1505145600,1544630400
443,10000213,530324199908171021,15360375535,1443024000,1555430400
441,10000600,340825197210291303,13712551958,1498147200,1558108800
509,10000462,211404198412284817,15097893190,1427040000,1570377600
894,10000658,440881196209282936,15822034795,1430841600,1518796800
178,10000070,62110219880207680X,13698973449,1452268800,1552838400
63,10000867,650103197710034123,13915556512,1496764800,1552838400
561,10000979,210112197506261411,14557997907,1480176000,1526313600
375,10000158,440511194406163974,14516780336,1465228800,1531670400
195,10000930,540121197711081922,13662160082,1458230400,1541692800
212,10000601,210802193207013677,15639212063,1445356800,1565366400
653,10000886,533103197101057077,18021800461,1460563200,1562428800
897,10000009,210200195403195504,13131667557,1457712000,1575388800
512,10000438,130823198302111130,18570422503,1466265600,1574784000
92,10000111,520324198502192168,18940224105,1450800000,1535558400
319,10000651,230302198711054733,18653647725,1493481600,1541952000
695,10000136,330183197308289782,13108089032,1484323200,1567872000
794,10000699,231223193506038093,18818591324,1450195200,1519574400
960,10000052,230828194406129498,13620403742,1445356800,1524499200
993,10000152,350901193204267006,13355783631,1424361600,1531497600
989,10000193,610600195902096507,15012552933,1509897600,1575561600
519,10000151,620822194709143718,18858116273,1512144000,1549123200
574,10000082,340304195703299962,18639067918,1477238400,1563292800
279,10000335,150923194606242384,13754045670,1449590400,1576425600
579,10000730,370283193011035962,15075436433,1504972800,1523548800
790,10000208,130527199304250293,13449894735,1435766400,1524844800
630,10000698,500111197608078995,13148347052,1495123200,1544716800
713,10000596,652101196803251826,15863891279,1503590400,1540310400
729,10000546,512022194110196744,15189742337,1422374400,1524931200
4,10000865,542132197802091940,18205046755,1451232000,1549036800
665,10000409,532801193006078853,14543313899,1478016000,1544371200
746,10000973,610727200005017644,18185855583,1481904000,1532361600
757,10000190,530324198312282121,18513853972,1462464000,1525622400
864,10000972,150203199502164229,18960942873,1483804800,1525363200
41,10000225,430405198103226943,14511572416,1437580800,1551110400
968,10000621,360730194805171074,13019660390,1458921600,1567699200
879,10000073,440104195310207425,13087304674,1469721600,1562083200
337,10000673,340827193810051578,18023386695,1454688000,1553616000
452,10000248,131024196904128639,13008398517,1475856000,1535299200
295,10000258,451425196906279740,13343411718,1463328000,1533830400
104,10000508,230402193309183142,15089504812,1436284800,1543420800
590,10000965,350924196708229087,13852304812,1494172800,1541606400
103,10000434,420624199912048457,15065010473,1448294400,1526227200
228,10000945,542424199403281195,15546116000,1483804800,1544544000
330,10000808,510322198502058853,15056162339,1496851200,1558108800
544,10000794,341124193011106126,18155428177,1467129600,1547913600
633,10000046,441422196001260657,15553476390,1432569600,1574352000
234,10000557,211201197110102446,15910450589,1436976000,1567440000
80,10000934,370283197612149832,13955504791,1491148800,1518192000
825,10000602,141082198308242077,18867985552,1449158400,1576425600
873,10000493,621022198012099265,13262297819,1472659200,1572451200
0,10000653,620900198806101603,13018290772,1487692800,1567180800
813,10000301,330424193406260180,18538396523,1461513600,1546099200
314,10000164,513430196703319190,13315310097,1475424000,1540915200
320,10000813,500115199305034762,14746011866,1421596800,1571068800
546,10000089,610423198503114453,15624264022,1437926400,1576598400
419,10000737,150121193705306653,13171498120,1484928000,1569772800
325,10000641,350581195201222880,13726286901,1476028800,1534780800
651,10000279,654002197210188005,13807054986,1433865600,1553788800
397,10000032,520325198001091373,15758963691,1435420800,1518710400
177,10000117,61063019550501625X,13891225146,1502553600,1566576000
570,10000299,120101198410313153,13010991774,1507046400,1523203200
126,10000652,431123194910312513,13358705457,1470153600,1561046400
208,10000498,232700194206160167,15395351948,1461168000,1573488000
316,10000810,440201194506287967,18958395816,1443974400,1523721600
318,10000156,37132719850617716X,18851504531,1483718400,1573488000
504,10000308,360430194011065708,18500241618,1441900800,1549123200
100,10000591,440904194901243865,13506755654,1421164800,1555171200
721,10000816,210804194509250157,13422125261,1447516800,1545321600
841,10000539,130184195001221863,15082826318,1478275200,1561564800
62,10000829,211403196204281640,18083794457,1441209600,1541001600
411,10000598,150421196111222137,15232080913,1478707200,1540051200
410,10000889,520201196401304168,13257014967,1480780800,1557072000
136,10000146,450481199708047037,15778434669,1446048000,1566057600
20,10000219,341203197808153335,18996858802,1460217600,1522512000
307,10000059,622924199305117794,13928248498,1461600000,1523376000
229,10000114,500229195009202683,15752110486,1513699200,1536508800
970,10000004,360222198902222719,15606529592,1487347200,1529337600
210,10000191,140201195009189008,15999055254,1427212800,1523289600
270,10000222,451422197709223364,13921422783,1433779200,1552752000
874,10000336,130421197204122806,13226845452,1490630400,1569600000
457,10000381,150502196308222380,13184399656,1474041600,1519574400
67,10000728,330411194708105285,18812366911,1436025600,1518537600
232,10000924,140226199710151353,15036773114,1509552000,1573920000
597,10000838,130902199005158862,18945308542,1509120000,1547740800
113,10000718,469000198010210934,13708316027,1499097600,1537545600
751,10000105,63250019320101213X,18170857148,1507305600,1546272000
569,10000847,46020519530706799X,13954733159,1475683200,1527264000
743,10000729,441402197709203809,15820940624,1490025600,1563465600
484,10000237,411527196506137410,18113002209,1460390400,1531756800
549,10000100,210381196507122447,13574474489,1450022400,1544976000
988,10000995,370786198008234150,15309586047,1431705600,1577462400
422,10000014,140122193307162900,15240029014,1438617600,1563033600
706,10000398,420684195206296486,15661016951,1478707200,1526140800
733,10000123,640106199609017333,14515654840,1479484800,1555948800
169,10000402,513430196407034385,13737174679,1452787200,1548604800
315,10000778,450481197409040936,13925051496,1499702400,1527868800
681,10000017,450900198308042397,18999191690,1450281600,1562083200
462,10000144,460101198503251463,18697648721,1498838400,1519142400
107,10000556,411282195906154862,18205607040,1433347200,1568390400
981,10000982,370281195208051129,15871918168,1475769600,1528041600
521,10000031,440114196804120298,15621600375,1458403200,1551196800
648,10000521,130522197308137449,13129501921,1428595200,1541174400
849,10000271,232721195108037452,13113978925,1428163200,1577030400
293,10000094,231025194705084005,18186558064,1501862400,1547136000
538,10000107,510700194510023533,15763899536,1513094400,1559404800
837,10000087,61052419940401826X,18222959015,1483545600,1566662400
613,10000388,430700197101131764,15100861366,1460649600,1551801600
835,10000529,440511196407073654,13895416128,1444924800,1555516800
506,10000055,131023199509049962,13073106905,1484928000,1530633600
45,10000836,360622196009275650,15916023934,1431360000,1573142400
776,10000989,41072819480101690X,13317754903,1510675200,1565798400
603,10000597,653226199107055837,13835001306,1504022400,1555603200
795,10000952,420301197107311910,18990535659,1513008000,1539014400
554,10000327,440825195803031966,18679413290,1450627200,1571414400
944,10000239,360723194908262848,15309949646,1425398400,1524326400
135,10000969,430701199307207133,18651015572,1459008000,1516377600
857,10000966,130427197206171407,15827257057,1440604800,1576684800
593,10000413,341500199002102703,18950412580,1468425600,1569254400
868,10000823,150922195212240034,13204672176,1482940800,1577030400
940,10000870,150802199309012406,13413063768,1491840000,1550332800
192,10000209,421102195909294662,18279013025,1428595200,1521993600
459,10000610,371102197104039220,15397391814,1468598400,1545062400
890,10000212,542426193407181963,13908370818,1509984000,1530288000
478,10000762,431223198208141965,14526860347,1455811200,1543334400
399,10000893,150204193612099586,13839684424,1424102400,1522425600
407,10000276,510107198712048982,18944328186,1488211200,1526140800
139,10000287,621101198809025478,13025836691,1452009600,1519747200
423,10000305,370783194301244035,14718454246,1430496000,1565020800
235,10000231,371311196610280968,15822976277,1439568000,1565539200
919,10000400,440783194505191658,13697489222,1453046400,1539446400
939,10000640,620201194201195299,14560470436,1498924800,1563897600
132,10000779,510303196109121731,13216534906,1513699200,1576425600
855,10000261,411600199401135514,18274483606,1436371200,1538323200
331,10000955,15082419600801797X,13025143774,1453305600,1549641600
660,10000275,410403194502209089,15879632659,1479916800,1523808000
377,10000777,150929196202111916,18002489303,1453824000,1576771200
620,10000774,36040019840528556X,13175887357,1506441600,1516118400
701,10000585,532930196105084109,18284297366,1486137600,1551801600
881,10000691,610124196205072567,14794505770,1491494400,1544544000
111,10000169,542624194011108279,18879275506,1474819200,1517760000
73,10000280,411023194202085410,14556152203,1470326400,1536508800
381,10000670,520100199408232947,14725635102,1477670400,1548172800
226,10000387,360400193206205616,13817953070,1504368000,1572105600
503,10000781,23082619470403104X,15720171139,1475164800,1531065600
943,10000553,445301195903050642,13286001398,1462204800,1540915200
931,10000817,330302199402103851,18047049549,1459958400,1532016000
429,10000167,130923196007051602,15544472741,1452873600,1565625600
24,10000054,441621193208132100,13388790938,1428595200,1529596800
911,10000126,231000196009126859,18238434456,1475251200,1519660800
348,10000442,411724193410093263,13000349928,1467216000,1571760000
198,10000807,140522194610108938,13242700499,1469116800,1572019200
341,10000067,542226198611298925,18177776465,1470067200,1524153600
255,10000236,130801196607255373,13837190525,1493913600,1558713600
277,10000446,411103196605022149,18741042155,1433779200,1534262400
636,10000820,431224196707256166,15848328968,1441555200,1539705600
918,10000614,630102199803177317,15195506338,1508947200,1533830400
86,10000637,130927193707104471,14512700878,1493568000,1560009600
18,10000042,12000019871014461X,13597151182,1479744000,1532966400
448,10000780,341122195812221171,13600452049,1497715200,1572278400
985,10000560,430223193512310512,18069381118,1507737600,1541260800
300,10000842,530428197409130040,15312934985,1458403200,1521388800
367,10000739,31010819620512168X,13523019955,1457539200,1517414400
556,10000069,340721198912181153,13818447423,1436198400,1515859200
530,10000477,522323196201144193,14501674859,1472832000,1538928000
435,10000683,210922194806290399,15935933215,1474041600,1548691200
934,10000302,130722193704063050,18861429218,1467475200,1542988800
996,10000292,451100197810121640,13995070240,1457625600,1539187200
536,10000790,350304196407256219,18174841588,1475424000,1568217600
644,10000397,469029198412124206,15842560996,1420300800,1547395200
563,10000840,620522194110029015,15786134324,1458921600,1526572800
269,10000751,331001195604104000,15534032965,1434729600,1548777600
725,10000262,360726194203131476,18861301244,1440777600,1521993600
946,10000401,410883195003304960,14576974340,1422979200,1548691200
47,10000713,430382199811249072,18996241851,1471622400,1532620800
163,10000977,43112819531015057X,13629689440,1452096000,1532880000
803,10000850,520321193708248487,14508156739,1502208000,1524931200
670,10000885,130902199401022780,15932635369,1505491200,1558281600
602,10000701,370601194604170256,14735403415,1509984000,1545840000
891,10000093,511111195807223837,13486447263,1494432000,1547395200
804,10000537,330226193509098966,15589691839,1504972800,1574006400
987,10000436,320707197902124854,18597286770,1460131200,1538409600
718,10000338,450602195002031188,15179564264,1504195200,1530633600
560,10000255,23080319981001193X,13521975430,1465747200,1558540800
97,10000332,511502198911091001,13709766979,1438790400,1549382400
404,10000916,34162219650812810X,13490672357,1447344000,1558540800
979,10000245,632802199402111755,18762780183,1444060800,1541001600
858,10000631,370305199412059686,13413622100,1474905600,1556380800
336,10000309,410182195112051558,18928733753,1481472000,1524067200
190,10000677,321281196011188726,15924059294,1475683200,1530028800
55,10000959,420102199606220743,15853002424,1427385600,1542902400
69,10000172,140929196701136075,18656807923,1443888000,1553270400
654,10000828,230108197005133314,15832126997,1503763200,1573660800
622,10000295,63010119881222388X,13069446430,1423843200,1532361600
611,10000530,510603193210296002,14564702028,1472227200,1541520000
343,10000256,41100219541127515X,18714389676,1480867200,1557417600
301,10000207,130125197307187441,15574646583,1420387200,1555862400
773,10000926,130534197702202291,13238447935,1505232000,1542470400
580,10000210,421321196710016432,15590727527,1494259200,1577462400
933,10000911,620301197412270526,13785746443,1454342400,1517068800
754,10000252,410421197212151399,18514864683,1510416000,1519488000
412,10000586,421222195101135985,18865672058,1436716800,1560009600
188,10000347,230801193509125065,18504133252,1469116800,1565884800
761,10000919,430621197508184047,18199864546,1514304000,1564070400
362,10000113,621023195103251552,13868672568,1468857600,1520956800
752,10000775,630200197709179547,15906017939,1474819200,1567958400
625,10000416,46010119510717145X,15215677283,1510761600,1520956800
963,10000380,140301200012055536,18826612997,1458230400,1532361600
801,10000325,630101195605014301,15843202557,1427472000,1543075200
10,10000376,370282199706181799,13979751274,1513958400,1535212800
90,10000525,340104195605241192,18891021765,1503763200,1541088000
851,10000328,210800195112181615,15949922153,1495987200,1576857600
565,10000849,140701196509141176,13618942054,1460908800,1529596800
615,10000404,650104194711052932,13215180724,1448985600,1557072000
753,10000358,522628199011063044,15745097796,1476374400,1536681600
595,10000321,420606193807088107,13319973197,1509552000,1515772800
599,10000897,23020319351215772X,15012145184,1479312000,1525190400
997,10000960,440308193407167076,13304823340,1495814400,1515513600
179,10000997,450924194411255713,15715342246,1447862400,1515081600
905,10000449,430203193108184272,13748623680,1437580800,1537545600
768,10000900,621221198001060482,13470522899,1487088000,1531929600
382,10000479,530630199706123703,18843887909,1469289600,1535212800
450,10000320,41152119680808001X,15990352993,1477324800,1523289600
994,10000800,370214200001066167,13605537690,1483718400,1546963200
290,10000061,430121200003239265,14782001673,1471190400,1539792000
6,10000453,210881194307264123,15279088648,1452355200,1567008000
267,10000964,341300193201087544,14714488598,1507305600,1525968000
692,10000914,341503194901041373,13720534165,1477152000,1531670400
164,10000183,141030197409191730,15917184083,1422720000,1556553600
859,10000671,370105197409163140,13149599398,1499788800,1572883200
871,10000721,411601197411265117,18550462934,1497196800,1548604800
720,10000426,511521199102124145,13122576302,1450540800,1529596800
800,10000866,360823194410212953,18588730755,1477584000,1524844800
596,10000766,460105198810057391,18119773709,1471104000,1575475200
945,10000852,440232199607045470,15132352925,1487088000,1516118400
485,10000227,230506194809305164,18163641386,1455638400,1541260800
479,10000622,350629197609276101,14555558556,1451750400,1542211200
483,10000980,51140119851221704X,18673766856,1431532800,1518192000
206,10000379,230624199001257009,15654588125,1503590400,1559750400
223,10000903,341503197105098276,18886196115,1460649600,1536940800
464,10000990,410622198411229568,14784824566,1485014400,1537286400
369,10000764,53292719710124508X,13908219618,1433779200,1545753600
38,10000142,320113194506027551,13967472902,1488816000,1533830400
884,10000809,511302195105135781,18925999723,1459958400,1554480000
542,10000324,370901195005066116,15178085296,1463760000,1523289600
657,10000095,652328200111131719,13085217793,1480521600,1534521600
942,10000317,341825193403142243,18500779023,1420560000,1571414400
197,10000795,141182194212188448,18604172221,1470240000,1556899200
466,10000385,451122199901276215,13922738546,1511193600,1523894400
656,10000159,610501193804126022,13796832828,1426608000,1554393600
539,10000463,652927197007310276,13598542010,1466092800,1522857600
310,10000291,440783200007203765,15340815441,1432051200,1570636800
396,10000293,610901193710214533,15348156964,1429113600,1519401600
616,10000006,520300200011106615,13517502217,1500566400,1528300800
8,10000580,511300193703277040,18236925954,1470499200,1555862400
935,10000773,620701194408211361,15960856932,1430236800,1565193600
308,10000644,341821194905212538,18541629199,1462723200,1522252800
811,10000088,130502194306241657,18893046991,1422720000,1548777600
533,10000340,371300200107268777,13641404753,1442073600,1522598400
703,10000083,520123193301209437,15549482210,1448467200,1569427200
844,10000199,441203195902289786,18638755032,1420128000,1542902400
454,10000002,150822195801175167,13075555843,1465315200,1550505600
211,10000925,211122196304281763,15751647702,1447257600,1525795200
3,10000424,231101194504124626,18902290027,1459958400,1529683200
225,10000727,370901197303046331,13949862906,1495814400,1554652800
600,10000148,630224198611141124,14563312160,1420732800,1517673600
967,10000672,530111198702173104,18077456110,1444060800,1577721600
249,10000182,450102199105248890,18629212652,1508256000,1520870400
185,10000221,140928195008062230,15623073893,1504368000,1568822400
117,10000577,513338197907238472,13197723968,1420732800,1563811200
287,10000821,451402194105204497,13809168053,1437148800,1517846400
77,10000841,440116199511171389,15116465796,1422028800,1551715200
333,10000407,542222195305276307,13685705500,1440604800,1551024000
70,10000147,440113195001313458,13015112056,1496160000,1531238400
236,10000940,533124198409307358,13916722793,1463068800,1565193600
477,10000793,360726195909284110,18819495268,1457971200,1565193600
797,10000957,341723193110035753,14703705974,1484236800,1566662400
26,10000195,150924200004110098,15800758455,1478448000,1541088000
527,10000349,440902195804098119,18218830000,1433692800,1547481600
848,10000035,430611198405123753,14510522505,1493395200,1547395200
230,10000714,542626197902097995,13701579044,1447430400,1539100800
482,10000612,420101194911252582,15968955900,1441296000,1535904000
449,10000043,620503198104173730,18249520313,1426867200,1570118400
313,10000518,540102195707068575,15595380295,1460131200,1527955200
274,10000731,450124193402073362,13941242480,1513958400,1538496000
802,10000297,410204198602050574,15085373986,1475078400,1567440000
238,10000474,36100019701227504X,15710441665,1498665600,1574352000
655,10000075,321323199707174862,13253428954,1509033600,1552665600
123,10000753,231005196701304086,18028356969,1497024000,1563465600
204,10000298,610481193812047291,14715115096,1470499200,1539792000
822,10000318,330624194801264443,15293527075,1470758400,1548432000
815,10000548,430802199909033881,15236863676,1504540800,1534521600
415,10000365,450126193411244023,15716057979,1464883200,1555862400
829,10000417,14030219771104984X,14531448707,1461168000,1553356800
252,10000833,41030119680930716X,13901264404,1496592000,1541347200
105,10000396,350521193311278871,15037721836,1429718400,1568736000
972,10000038,350481195605065118,15569113406,1445702400,1540051200
303,10000676,511900198708166273,18746915647,1493395200,1566230400
131,10000079,131022197205141000,15138350327,1442419200,1543248000
239,10000706,331181194304253277,15729175586,1477843200,1553788800
913,10000887,370826199308233751,15511730797,1500825600,1552406400
645,10000726,410403193110012696,13127778806,1445875200,1522252800
827,10000386,350500199610055331,15568858106,1512835200,1527004800
788,10000770,340801195507178600,18124952292,1461686400,1520784000
420,10000351,330100197906027618,15531509973,1436112000,1550851200
573,10000538,13050219540113917X,18763104608,1485532800,1544544000
739,10000917,520425196011090506,15660390970,1459440000,1525881600
500,10000030,640424196011305723,15054964451,1505059200,1567267200
588,10000659,430724194107073881,15780026514,1432742400,1542988800
764,10000044,430503193612150828,18830115187,1473523200,1533139200
774,10000307,640181194608099215,15841304476,1509206400,1521907200
427,10000864,510500195010087622,15169594279,1505404800,1565539200
356,10000674,320481195406101782,15963575391,1434988800,1550851200
496,10000715,130481197712072688,13385131775,1456329600,1552579200
368,10000950,421321194009285192,14511179752,1499356800,1567267200
172,10000277,370285196208097952,18123617836,1496764800,1541779200
214,10000523,520423197111041316,13012695951,1507132800,1546963200
529,10000247,440306199908275715,13102641603,1514044800,1520179200
643,10000962,23071219421004201X,15084064106,1511280000,1571328000
684,10000837,451100193503212261,13004607821,1450800000,1556553600
23,10000312,370902193504303793,13784733216,1492617600,1576339200
895,10000754,331102199611245805,15167654616,1514044800,1527264000
763,10000203,530825195411228454,13047264429,1446652800,1564848000
510,10000415,140822196008145993,13390668614,1484582400,1565884800
941,10000189,211081197909203767,13542682457,1445529600,1571155200
770,10000533,150502198102117525,13804953915,1450281600,1530633600
227,10000923,230381198510249396,18854164573,1458144000,1544716800
828,10000109,610729193812102247,13899258331,1440864000,1518192000
649,10000008,231100199202044328,18670806832,1456848000,1566230400
49,10000021,130629197205017567,14591596858,1480608000,1534780800
379,10000733,540127196208146315,13576496066,1442160000,1567008000
202,10000890,440981193907208428,18534478093,1494864000,1533571200
263,10000268,140122194312139638,15588769308,1456761600,1555257600
688,10000288,321002197306298461,15755365604,1438444800,1554998400
205,10000137,653101197002217594,13227139682,1490112000,1526659200
246,10000704,429000198909050572,18619861021,1484668800,1546185600
184,10000827,441523194910248295,18242467477,1490112000,1534262400
241,10000663,630105193810203095,15872326506,1499270400,1571932800
416,10000421,350926198306036700,13075377278,1482163200,1557504000
700,10000187,232721193609121901,18271636120,1458316800,1534953600
796,10000091,15222419940831778X,14593286180,1431878400,1574265600
207,10000802,652122196208171997,18718311481,1491408000,1515513600
108,10000707,411724194409075900,18913111534,1501776000,1541952000
473,10000469,130929195409270684,18106857516,1486742400,1550332800
157,10000834,430624193403091451,13056771987,1513699200,1517846400
727,10000216,510600195401271748,18594607861,1473091200,1525017600
224,10000935,330702194310271806,15919408905,1442851200,1541088000
233,10000510,15092119841017619X,13197889868,1448640000,1518192000
966,10000606,320582195903040660,13969323223,1473609600,1551542400
745,10000632,511802196803224687,13923702196,1435766400,1559664000
461,10000110,510681199408133512,13926364574,1459353600,1525708800
799,10000877,511825195701294529,18848923222,1502035200,1544198400
366,10000883,120113199010090608,18504294782,1491753600,1527350400
634,10000250,210502194209136142,15023327260,1479398400,1540396800
116,10000856,620502198501025583,13094605679,1447516800,1547308800
683,10000769,371526198112224837,13595160327,1449590400,1540396800
445,10000015,410327194305164999,15169543203,1511971200,1558972800
662,10000882,520322193110106616,15753062309,1477670400,1534348800
666,10000981,654226193107278065,15089785165,1459180800,1567440000
915,10000519,431124196811197412,13325390112,1462291200,1546358400
974,10000243,210502196301062720,15028292212,1448467200,1523721600
923,10000018,320205196011228882,14767266753,1429804800,1519920000
398,10000202,630123198501030675,15396075819,1477497600,1575475200
959,10000344,540222194504221687,13298811826,1487088000,1529769600
977,10000154,321281194005040822,18787225270,1450972800,1538064000
647,10000065,410300196804200789,15600470976,1459353600,1532188800
59,10000799,130638197812122752,13415873595,1463587200,1575302400
786,10000961,451300198809130756,13536373163,1514649600,1577548800
584,10000613,610727199303022243,15764270330,1469808000,1559836800
7,10000240,440000194302074145,18217199407,1427299200,1570896000
306,10000337,350526198010063126,13899400961,1469980800,1563292800
823,10000451,341823197809074733,13889466342,1471881600,1574611200
378,10000630,45122419640601831X,13046520899,1449244800,1554307200
340,10000749,141022199507243230,13445532924,1441468800,1575561600
876,10000289,350481196805317468,18021831431,1438963200,1559750400
672,10000399,350925198404238190,13425641725,1460044800,1529337600
302,10000476,152200196310025805,13926473170,1444147200,1536508800
165,10000037,620982198408199929,14508961507,1482249600,1560528000
332,10000339,445301197607120991,13419555857,1439654400,1536681600
258,10000373,430204193504243736,14778477066,1464883200,1568131200
168,10000405,230306198103311201,15651694387,1454256000,1572364800
151,10000161,520602197112130782,13985795800,1464710400,1548777600
547,10000135,520000197901250642,14579641744,1457798400,1550332800
266,10000536,210901198508191188,15682605518,1432224000,1574006400
898,10000130,653129199802029095,13365921899,1507737600,1563120000
298,10000343,430900199501302649,15720778699,1485792000,1565107200
750,10000300,140411197307159627,18842278293,1441728000,1527436800
317,10000772,43128119331116295X,13033250029,1454688000,1546099200
203,10000270,210411197005166440,13500610840,1508774400,1550246400
537,10000001,371725199305112881,15866239216,1512835200,1526832000
995,10000173,150404194103027109,13374627627,1499875200,1570982400
528,10000412,150784198302035175,18546639756,1493049600,1526832000
882,10000654,621000195605097917,13095236788,1429718400,1533657600
166,10000868,361123198803275243,15753178022,1422460800,1529424000
138,10000131,513300197809061395,15288220515,1503072000,1535904000
432,10000160,130632197107087818,13295963530,1455206400,1573228800
458,10000710,130525195702018608,15567945635,1423324800,1573833600
885,10000229,623027197302083906,13204977492,1456761600,1544716800
109,10000393,460201196306176210,14719727496,1432483200,1561996800
659,10000023,420303195311082960,13097422248,1455120000,1527350400
978,10000796,431100196302206703,15661410086,1457712000,1538841600
535,10000573,220103199705110602,13774466943,1437408000,1556121600
711,10000108,210502199601101705,15162738065,1448294400,1517500800
175,10000064,611021199512097158,15347972091,1463500800,1515427200
674,10000040,429005195901099804,13302795689,1432569600,1531152000
908,10000679,370783196507208098,18150314356,1435766400,1520956800
524,10000127,45012319340317701X,13411798802,1443801600,1526745600
65,10000625,321311200112204487,13353982281,1497801600,1537027200
954,10000085,330203198703028003,13002543254,1482508800,1569772800
328,10000528,513321193010119123,15023249424,1438272000,1518105600
610,10000624,13028119610925078X,15303648330,1467388800,1517500800
469,10000502,42130319470921478X,18724273065,1429632000,1527523200
493,10000646,320509193804218025,18524238003,1442419200,1558540800
950,10000974,420526198906182652,15830776326,1507305600,1544457600
990,10000430,361125198803287335,15295922863,1462982400,1516809600
598,10000005,522300198011053789,13306313574,1488556800,1551628800
497,10000375,36040319840928618X,15193005761,1482681600,1536422400
624,10000445,450681198407213093,18939864267,1482076800,1564156800
498,10000696,610429194604235377,15376076303,1458748800,1570118400
321,10000367,370211197305243747,13728960174,1477238400,1522857600
248,10000315,460300194304198547,15201649645,1453564800,1545408000
14,10000685,652927195110136713,15292861064,1436716800,1540742400
639,10000267,450512199005061759,15376634534,1468857600,1531584000
581,10000549,640303196307083042,18580888317,1467388800,1535990400
15,10000609,659002195003257333,18603057838,1460563200,1531065600
792,10000948,500113199403213032,18985273796,1448726400,1535472000
221,10000196,469002199301282476,15384823753,1486310400,1536076800
426,10000771,542622193604028971,15662035568,1450713600,1532016000
532,10000875,654026197902273631,15346450452,1432569600,1547395200
629,10000223,360827196408285269,14515787078,1441036800,1532448000
371,10000686,511523194104029037,14587647024,1473696000,1560096000
296,10000526,440804194507184208,13708174069,1440518400,1518969600
364,10000936,610822196806201630,13693790235,1463414400,1540483200
180,10000419,511324195410223348,15606019993,1435334400,1519142400
632,10000694,520423194001037451,15254231800,1488297600,1523548800
183,10000898,610702195309146698,13217559465,1429113600,1538755200
976,10000429,621025193507275706,15240760827,1435680000,1519833600
661,10000410,130636197912201594,13140688990,1427040000,1568390400
736,10000220,61072419420707499X,13706126818,1472572800,1522857600
961,10000471,370181193503070192,13805814099,1464710400,1543593600
986,10000534,36100219710721084X,14781565618,1504368000,1577376000
349,10000234,131082194510118168,18136197426,1438099200,1543680000
260,10000967,350102196001074470,15697894673,1461686400,1515254400
847,10000748,500103195906120216,13087738067,1504627200,1542816000
998,10000787,371202197907025311,14583428474,1450108800,1539964800
254,10000228,330903194404134092,13251092399,1479225600,1553011200
679,10000968,231004199710286032,13594352999,1478275200,1562688000
583,10000784,652300195704116442,13289698197,1456416000,1569513600
167,10000716,451481195801073531,15986233708,1468252800,1548345600
112,10000723,420800195703126086,13153240228,1507564800,1520179200
676,10000084,44011119790320939X,15551753340,1460649600,1560009600
846,10000845,41152219570122808X,13864023852,1498320000,1523980800
936,10000174,150581195706242636,15500186638,1468080000,1551974400
288,10000511,513431198309241140,15558405065,1486483200,1519833600
696,10000544,520113197512074400,15166793678,1435939200,1541088000
94,10000858,370283193911161825,13445970969,1445443200,1571068800
592,10000736,410106197602227002,13431507982,1444665600,1554393600
312,10000290,360202194405220049,18149748094,1478275200,1533744000
440,10000414,420626199212142840,15223994971,1513699200,1552924800
758,10000215,370812196303052757,15978919079,1450195200,1555776000
559,10000165,530425198902074500,14526630928,1471708800,1543334400
392,10000314,350322199310092891,13278865418,1444579200,1539273600
87,10000862,654224195609140169,13999144818,1470844800,1515686400
13,10000264,654201195106250513,15960850359,1468080000,1554912000
865,10000690,130481195105206200,15613142889,1442505600,1568822400
417,10000949,410182199506308211,15606039814,1426176000,1565971200
283,10000103,130424198610305919,18809304681,1420041600,1548691200
806,10000719,441302198210184601,14522489402,1483286400,1576684800
875,10000188,130926198512025577,18883872471,1444147200,1528300800
853,10000355,61083019851023263X,18610210274,1462464000,1577116800
467,10000906,510100194512105046,18050091833,1462377600,1566230400
760,10000623,610922194110097173,15859170697,1509897600,1528819200
194,10000999,64010119650208862X,15674118784,1423756800,1530806400
951,10000483,441621197411051363,15146354841,1485360000,1553529600
491,10000047,130623196208037552,15030901942,1452528000,1542211200
612,10000738,411729195008207550,18632004144,1491235200,1521216000
691,10000804,520624195908283898,13531575015,1424361600,1565971200
735,10000732,542123193008246162,13895494652,1465833600,1535644800
604,10000423,150201194307228797,15013226887,1487347200,1530979200
925,10000086,131100193405189972,18641627914,1465574400,1548864000
914,10000090,440513196002018588,13083991031,1436630400,1522857600
395,10000125,610526194401287771,13682864276,1428076800,1565712000
12,10000411,652826196902103939,13592242572,1471536000,1541347200
689,10000019,210303194912188353,13270667620,1494172800,1550419200
161,10000576,37082919370328119X,13156580226,1420300800,1543593600
186,10000053,532622198308234800,13123435239,1484841600,1569772800
511,10000467,140423198406268095,13543641402,1505836800,1518969600
247,10000958,350203193102223066,15604568779,1507478400,1536422400
680,10000741,653129196707206547,13660716837,1452960000,1538064000
428,10000360,360983199202013161,18254497482,1458316800,1559923200
591,10000634,140700195509270639,18746669089,1477584000,1563811200
122,10000456,410204194411084423,14796829676,1489593600,1555776000
88,10000282,230204196705183019,14504836932,1506441600,1522944000
406,10000140,360727199910120580,18182331590,1499443200,1554393600
35,10000281,341203196702264622,15074009890,1466438400,1527696000
424,10000377,500241194007191802,15850160550,1498838400,1520956800
51,10000470,361126198106184417,18621630521,1490025600,1521302400
525,10000854,130602199302212080,15633384508,1429891200,1532188800
380,10000909,360681196703300254,13765413502,1436544000,1523635200
883,10000482,130532196307152637,14536270958,1512057600,1523980800
294,10000162,321001194311051148,18809511941,1437926400,1542643200
456,10000558,450000196508047223,13291088053,1426953600,1572192000
95,10000992,530822196511038688,15081720372,1510761600,1543075200
545,10000313,350783194504141657,13294188504,1497888000,1546185600
421,10000036,630102196201278029,14701077742,1509811200,1572105600
819,10000603,330825198204136270,13963890104,1489161600,1566230400
607,10000824,421303198311101222,13652621541,1435507200,1574179200
702,10000978,451201199512316715,14723462325,1447516800,1575648000
345,10000791,23050219690323081X,14532727616,1472313600,1576771200
893,10000983,632700199111077333,15972254855,1492358400,1523376000
162,10000382,430422197408291254,13107195357,1450886400,1528387200
29,10000765,542521194110144617,15353548596,1472745600,1518710400
243,10000844,440785194809136298,18633010044,1466784000,1519056000
862,10000253,370703198704228909,13829618221,1490284800,1552147200
114,10000531,530827196108093566,18806508754,1491926400,1519056000
635,10000353,411281193504190777,13044007664,1510848000,1516982400
262,10000768,320118199503034646,18008317845,1477843200,1529251200
52,10000274,130728197910318604,13403889310,1476892800,1571328000
734,10000007,230701194605175731,15063651503,1471017600,1568736000
115,10000629,62072219981013643X,13318333072,1502812800,1539187200
517,10000497,411700195509277458,15154475556,1490544000,1567612800
84,10000648,520501194205129451,18060513344,1454428800,1541001600
56,10000904,341000193902133711,14534835544,1423497600,1545235200
870,10000060,411301194106298553,13371041485,1450972800,1522857600
444,10000509,330601196207228532,15025961901,1428854400,1561824000
442,10000579,450512196612082785,18746412907,1447948800,1549382400
912,10000122,511011197804047843,15915426282,1429977600,1525449600
50,10000134,360921197103236900,15019548698,1492185600,1546531200
642,10000369,45103119500802208X,14540787217,1495123200,1552320000
834,10000542,62050219530329106X,15354351994,1436716800,1557936000
264,10000074,130902199405070237,18661948586,1447084800,1576339200
917,10000296,620801199601216082,13051186120,1486137600,1549728000
160,10000996,410500197801173274,18910829516,1497974400,1530288000
921,10000259,520112196112251788,18139313876,1447516800,1530547200
152,10000661,513327199704039940,13570202140,1469376000,1558281600
929,10000026,330101193311167898,13942374153,1420992000,1535904000
299,10000368,130826199101195642,18205696348,1436112000,1562947200
291,10000928,360427196611085113,18650875128,1504540800,1560096000
305,10000678,370704197402099322,14536573811,1513353600,1526140800
973,10000946,500111197210113367,15338974445,1490544000,1542556800
324,10000932,441322194202132550,18175918775,1441296000,1576425600
370,10000076,340801194705309355,18065178447,1487606400,1547481600
771,10000077,321100193411138229,14529855335,1481299200,1520265600
488,10000066,350000195106298013,13826600068,1441036800,1572796800
159,10000987,211403194912305544,18173694344,1443888000,1547654400
637,10000186,430802195101027798,18025324001,1454688000,1557590400
626,10000003,130981199304191449,15134058518,1471881600,1516982400
391,10000892,230206198308104219,18523081181,1454601600,1574524800
562,10000839,360723193608239406,14524447182,1495036800,1553011200
213,10000619,620301193503031872,15978894065,1486656000,1549900800
460,10000806,430702199209121658,13053462253,1499529600,1534262400
438,10000179,44011419881116612X,15315857612,1443715200,1555948800
191,10000272,211322193902014486,13543958823,1456243200,1571068800
353,10000922,620000196010217194,18689069925,1433347200,1545667200
74,10000460,530924196503136817,15063490383,1449763200,1543939200
502,10000150,150221197603234410,13808194002,1447344000,1532102400
716,10000138,650104193512308363,15720279067,1477756800,1536595200
850,10000562,15092919910312140X,18274705859,1453910400,1522425600
231,10000141,621021195402186196,13363184456,1493568000,1564243200
818,10000481,371602198508097066,14537239205,1462636800,1548000000
359,10000346,522732199801305378,18881985033,1499011200,1535126400
842,10000589,632722194212107357,13618182908,1484755200,1520956800
730,10000745,330801195111083347,14773225384,1470412800,1553097600
999,10000011,411422193411159536,13585710399,1471363200,1552838400
678,10000206,140724195207025129,18706575621,1440518400,1538841600
489,10000742,411422193612184519,13122351841,1489680000,1566921600
119,10000071,130522198209175655,18513726247,1505750400,1533139200
271,10000232,430221196101291151,18131327762,1448294400,1570636800
852,10000547,350881196612012926,15097710607,1491580800,1546358400
878,10000688,430701197602143954,15306224005,1498665600,1546444800
187,10000496,511132195311048571,13876941003,1443888000,1525104000
671,10000971,130500195307292482,13211651184,1430323200,1566921600
551,10000027,360921193209217849,18734825755,1439654400,1533312000
216,10000832,520628199709085091,13863910676,1471017600,1563552000
148,10000501,61083119381230791X,13160026587,1473696000,1543766400
468,10000512,430923194007061183,13701428375,1447084800,1532534400
664,10000517,623000196203050661,18204824542,1471276800,1521993600
904,10000371,350925193408065466,13725273872,1465747200,1529337600
196,10000437,350581197701259793,15776851469,1481817600,1529510400
839,10000178,532504198707144169,14579928791,1484928000,1533225600
142,10000112,62102119820825155X,14769605649,1504886400,1564070400
128,10000263,422826199408300647,14534235716,1509465600,1564934400
938,10000682,35062619751202200X,18696305572,1462809600,1558368000
79,10000789,140827194802244158,13870327557,1501516800,1561910400
53,10000896,220103197008016806,13805787281,1481472000,1564329600
767,10000490,15082119750516276X,18544611196,1434470400,1517328000
982,10000204,140900197701117466,13238088184,1431705600,1544457600
694,10000815,410328198012316324,18522332368,1461600000,1524758400
156,10000543,341623198511111013,13927311854,1479398400,1547827200
699,10000472,370827196706270964,15078593622,1499443200,1529769600
909,10000636,141082198906188680,13471749506,1428422400,1555776000
845,10000803,141023200105134455,15201056212,1444924800,1525449600
980,10000425,420100197206224372,13112695049,1432915200,1546099200
130,10000545,341021195110227745,15837274680,1453219200,1535299200
731,10000334,152527198003085045,14518891799,1491753600,1550246400
805,10000185,32058219490511645X,15650893673,1488816000,1543248000
436,10000051,130528196508264374,14546245536,1511539200,1562688000
594,10000500,640201197602295319,15934807057,1458403200,1520352000
339,10000428,542123196706145055,15833289645,1452873600,1547913600
141,10000605,21102119611106834X,13754964311,1433260800,1534435200
861,10000575,61040119500607118X,18612123224,1484064000,1536940800
470,10000028,210411194106283490,18531677398,1431273600,1540828800
787,10000352,360281198608241433,15730544444,1472832000,1558886400
376,10000524,510681198801256354,15294582651,1467216000,1566144000
342,10000938,511903199207233080,15615917842,1471449600,1554393600
953,10000257,530427199410213786,13876970314,1491321600,1525104000
518,10000431,340181198110159396,15130124178,1462118400,1527609600
522,10000514,320115200011032405,15001792333,1486310400,1531843200
219,10000851,620825195811245829,18527978993,1458921600,1515254400
577,10000489,632723194003245960,18025254678,1458489600,1556812800
133,10000689,542226200110156531,13254934114,1435507200,1565366400
492,10000761,440232200012235326,15069270871,1424188800,1521734400
872,10000812,330500198409283617,18225757875,1455984000,1559923200
900,10000286,450900194008037141,18611218000,1477584000,1523548800
920,10000020,350100193005298221,13805863041,1444492800,1563552000
854,10000422,421181198001096518,15779663389,1496160000,1547308800
193,10000638,653130197201195887,13394467769,1514304000,1558368000
627,10000341,610203199606111739,18636035904,1450540800,1567267200
820,10000712,150501199011230870,13174239333,1429891200,1549900800
631,10000244,211122194506235360,18745948175,1484755200,1536163200
667,10000760,530522197604128998,15924396349,1434038400,1556985600
693,10000988,610722198309061810,15359021259,1472659200,1516809600
143,10000374,610628197608193037,15787325169,1488729600,1569081600
640,10000811,140923194210144065,15967054095,1445875200,1531584000
409,10000201,540221194009178961,13713884721,1442419200,1549382400
272,10000963,522725195310086834,15140674309,1435334400,1526486400
605,10000639,220421193708142951,15093613589,1465228800,1559923200
831,10000072,410481198912311948,18865378140,1466179200,1546185600
586,10000504,130600195011210156,14717068264,1462809600,1543075200
57,10000700,370687197303105307,13344183801,1489161600,1574006400
779,10000899,522731199506012269,13379885724,1480348800,1551024000
889,10000443,330381196104223048,13480189943,1488902400,1529769600
66,10000662,350725197708124760,18004995509,1458662400,1540310400
140,10000604,320612196412155093,15964015079,1506268800,1571328000
513,10000177,510101194105192636,18051064437,1504454400,1522857600
887,10000283,532523200107194188,15794900003,1478448000,1573228800
899,10000894,410301194701249253,18795531828,1496937600,1517846400
856,10000943,430500193404201302,15058832548,1434211200,1559664000
487,10000068,511722195106120749,18810445145,1442505600,1574524800
373,10000435,411122200006123544,13670456909,1458489600,1537718400
304,10000970,420117196110250309,18775434136,1499184000,1536854400
937,10000776,230109198110045771,15301440247,1464796800,1543593600
385,10000918,210300194512053004,15113720805,1501171200,1544371200
474,10000049,130433195901310147,13405893362,1429718400,1567526400
451,10000078,371423198305170500,15898119840,1438185600,1556467200
638,10000822,331004194502279058,13923683053,1469116800,1520524800
471,10000527,220102193206077701,18951189069,1496419200,1538668800
472,10000330,140823196006169752,15176698763,1434556800,1523289600
439,10000473,130700194904151692,13319040229,1464796800,1518278400
43,10000879,140122193101133581,15633627371,1491926400,1517846400
9,10000912,410882194911118978,13146356434,1450972800,1553270400
499,10000927,130626196301158091,18198590877,1434988800,1514822400
322,10000284,210521198206128435,18636623836,1503590400,1553961600
83,10000869,513429199907042929,18080501974,1496764800,1566835200
125,10000755,210181198107055319,13294470038,1495209600,1549209600
338,10000168,421123194302213982,18834235768,1431619200,1532966400
558,10000884,610621196110130144,13889293780,1457452800,1576252800
355,10000101,150627194210207821,18185838859,1469635200,1554480000
281,10000902,330106194410208006,15678720075,1482422400,1518364800
675,10000588,610826197803300270,18112035906,1430409600,1541001600
516,10000265,140322197307283429,15962599091,1437148800,1549987200
89,10000920,360104199211183518,14533537118,1464537600,1520179200
327,10000618,230826199912052075,15009434597,1441036800,1535990400
719,10000720,460101198106223602,13143961879,1421424000,1541260800
924,10000655,513401197501271689,15171866050,1432828800,1555948800
265,10000389,140108193704177519,13815153308,1465401600,1541606400
508,10000390,520624195810296543,13848071109,1494950400,1542211200
783,10000260,33020019580914769X,14512560557,1464278400,1545926400
68,10000329,530922200105130897,18782950747,1420387200,1562256000
550,10000439,41022319740916454X,15660126682,1501430400,1542124800
785,10000711,320402193112071050,18692335642,1462204800,1536854400
765,10000680,511722193907111990,15269614189,1502380800,1518364800
48,10000724,350581197910226736,18283105942,1467734400,1563724800
955,10000153,141130193805059747,13760659092,1467993600,1515772800
552,10000012,150200194309154529,13396514231,1489939200,1524240000
587,10000466,340500195308044893,13010470002,1422806400,1528992000
390,10000345,321003197806160078,15295553452,1485014400,1532793600
329,10000455,51332719750419586X,15652104012,1454256000,1568563200
969,10000554,211221195006046030,18770793072,1487433600,1532793600
292,10000418,321323196501212006,13742521830,1470672000,1576425600
64,10000128,620422198406295323,15152640005,1449331200,1551801600
71,10000350,450303195504137492,18577204382,1452700800,1524758400
101,10000363,340181194806068777,18948337344,1455638400,1570896000
520,10000181,222402198707121759,15680545058,1455292800,1520524800
173,10000805,511024193703033251,15049582979,1481817600,1557244800
446,10000129,440300200010138316,14524659013,1431964800,1525881600
608,10000099,140600196807191970,13010335694,1426780800,1550505600
784,10000993,361126195608255576,15700218446,1486483200,1550505600
614,10000905,530113194505235622,15521481048,1421856000,1524499200
244,10000581,610426197309113734,13875022077,1438012800,1569168000
120,10000594,230505199702193015,15396604126,1478707200,1555344000
892,10000198,420301196308246639,18562779596,1491148800,1515686400
575,10000166,422802198403125290,18078499686,1425398400,1555257600
31,10000635,222401200005047439,13105840115,1439654400,1545321600
431,10000876,341823194509245365,18979557079,1425657600,1534262400
749,10000499,210181196002112111,15818846472,1474300800,1570636800
756,10000319,22050319300601574X,15353149246,1503676800,1568131200
253,10000615,210282195404252245,18837779094,1455206400,1553356800
256,10000668,611021198803025184,14791029662,1483718400,1520092800
46,10000763,321100197411174623,15502675460,1500048000,1567267200
991,10000357,411525195312192174,13813782532,1498665600,1572192000
98,10000783,520121197802219831,13482913456,1451577600,1553529600
242,10000205,370881199705118305,18583114035,1463241600,1515254400
289,10000171,13068119680522996X,14502562342,1480694400,1565971200
628,10000567,360321198401200705,15320195091,1487606400,1516896000
578,10000013,341124197209035851,18088530517,1513008000,1565625600
585,10000878,140824196701164423,15040872491,1453651200,1524326400
732,10000326,43011219720702461X,15977805942,1503244800,1556640000
408,10000708,130300195101033054,13181281468,1493913600,1524499200
826,10000184,360729196210260100,18878159560,1423324800,1542038400
947,10000408,320206197702284382,13288486157,1513440000,1558195200
930,10000081,370403197204150999,14548122017,1496160000,1558195200
641,10000931,410225196703080409,13904414907,1429200000,1558108800
782,10000954,371422195911196831,18001541299,1438012800,1530115200
932,10000908,361125193612114287,18607326248,1492617600,1551715200
124,10000342,433122193305291161,18994226860,1499875200,1571673600
812,10000818,410327195309036083,18938536305,1446480000,1565020800
534,10000643,320707193504131997,18540071369,1476979200,1559491200
922,10000611,652201199504055795,15558112443,1491494400,1520179200
724,10000888,610116194808193481,13172014565,1469980800,1536940800
759,10000145,141025199710217205,18822405398,1453737600,1567612800
576,10000664,330324193806170218,13642446621,1422115200,1575129600
582,10000976,211402194604218696,18280722908,1425225600,1548950400
531,10000826,522631198211233785,13954631326,1437667200,1538496000
708,10000788,340302194609146540,15269891785,1467302400,1550073600
507,10000578,610403196912265418,15851273824,1456675200,1575993600
276,10000649,360502193507065168,14741654748,1484755200,1523203200
475,10000427,431121198702081904,13929455105,1475424000,1572019200
964,10000045,370181193606273291,15862501102,1431705600,1552147200
91,10000266,659003199904040435,15698493289,1449936000,1567785600
81,10000505,522631195805308146,15811169294,1474819200,1557849600
956,10000901,220122197004200779,18896078979,1448553600,1571241600
39,10000370,220301197909100851,13254815734,1480089600,1574265600
11,10000120,350104198608052763,15132397869,1473436800,1552838400
717,10000937,361128194906096460,15197603374,1424793600,1531670400
309,10000503,220301193902221054,15733156007,1442505600,1572969600
346,10000797,621122194907091675,18190136185,1453996800,1546012800
901,10000717,532527196603023894,15315659685,1432051200,1528300800
145,10000323,231003197111172994,14570731682,1469548800,1526486400
928,10000570,510302196405182233,14572037990,1452096000,1568131200
110,10000584,652302193411170078,15073683264,1472140800,1564675200
465,10000574,321102196710045563,14526145709,1495987200,1524326400
623,10000561,370214194708258180,15863131845,1439049600,1530806400
957,10000448,410526195803033536,15060741884,1430841600,1515513600
707,10000029,530627193709294385,18532724368,1498752000,1568390400
814,10000656,230207198610110296,15912280715,1428595200,1532534400
540,10000693,330726193612150512,13334606612,1441468800,1521043200
836,10000457,530924197108163692,15505335826,1434124800,1516118400
572,10000057,331024195701217335,15649219205,1507996800,1577548800
810,10000541,652222199510229431,18575842222,1467993600,1566921600
926,10000484,52062319430831467X,18919805107,1513180800,1555430400
650,10000975,530927198309309911,15278326397,1488124800,1562083200
910,10000192,33092219991206482X,15018336010,1501948800,1554134400
383,10000383,220421193908108037,18606412585,1494864000,1519574400
418,10000657,370901193811151156,14530260005,1461081600,1523548800
137,10000566,450305197104289907,18179664610,1514044800,1567267200
33,10000269,440700198401018719,18025540710,1420214400,1517587200
877,10000163,340102193902142703,13348123641,1453132800,1528041600
389,10000394,411724196402208263,13538121725,1427904000,1539360000
278,10000106,610328194308224866,13051076323,1423756800,1540310400
677,10000194,33078319351114185X,18851913431,1484236800,1563120000
286,10000494,331021193707150102,14564436988,1482681600,1563033600
555,10000947,652922196510011322,18140973757,1494604800,1537545600
19,10000180,441481193604128352,18529518945,1471190400,1548432000
501,10000695,120221196905092040,13518787552,1455811200,1556121600
817,10000392,530126195001041230,15255998487,1426348800,1567440000
741,10000843,211100197306129438,14510481686,1472313600,1555948800
769,10000913,360622199210072568,18037854653,1487865600,1545926400
257,10000684,360727199110142749,13948034175,1461081600,1533312000
357,10000118,330000194510017596,15907482149,1512230400,1569254400
480,10000592,140829197904043062,18797613637,1495641600,1524758400
61,10000857,320507195409128165,15503127501,1496160000,1560182400
402,10000372,410322195308169763,15648153694,1423584000,1535040000
740,10000848,54022819390526565X,15375697758,1423843200,1527350400
215,10000705,450521193002126691,15711643562,1473955200,1564588800
102,10000767,420624200003030896,15384374295,1474905600,1535904000
93,10000617,440281199601106858,15077915752,1431964800,1515254400
181,10000991,411522194112162057,15678987301,1465401600,1551974400
129,10000873,652823195012237974,15503439358,1442937600,1551974400
772,10000998,230722200005075219,15982826898,1470153600,1542124800
682,10000303,429021193309100184,15896365649,1462636800,1526659200
222,10000881,510000197412212395,14741779698,1463932800,1569340800
251,10000540,360425199907041225,18222879388,1474905600,1574352000
494,10000488,340100198805080379,15782078541,1514044800,1553702400
344,10000097,532324196806061831,15987000685,1436371200,1563206400
476,10000734,610122194504296294,13259526535,1513958400,1536595200
791,10000458,210104193704277651,15151045479,1445097600,1560096000
906,10000251,23122519620614080X,15908919750,1498579200,1526918400
58,10000891,520624196601306797,13854305390,1499011200,1563292800
22,10000871,510500193010099050,18711347635,1438876800,1545840000
564,10000214,360824193909168615,13974879540,1445788800,1546272000
414,10000197,62040119380729620X,15516000267,1464796800,1562601600
44,10000000,450325196412215732,15365892767,1513094400,1554393600
372,10000835,210102198711110892,13739505098,1487260800,1532966400
863,10000798,420222196510255148,15552573774,1428336000,1560009600
386,10000953,140600197201027388,14523987606,1435507200,1521043200
326,10000907,420205193803048767,15051301303,1468166400,1576339200
21,10000406,320724196808132040,15168915751,1420300800,1522598400
280,10000552,511301199602052911,18003502528,1446998400,1530028800
437,10000633,430781195801043430,14553631809,1504022400,1571760000
106,10000459,450300199512293275,15324427872,1460563200,1545235200
425,10000583,370203199406148158,18816990075,1513699200,1524412800
992,10000211,621223200111257131,15744292790,1437235200,1556121600
182,10000825,220402194805144866,18160167795,1449763200,1548345600
742,10000786,420801195807036831,15591462461,1462118400,1561305600
144,10000491,330000197312186376,13899698596,1464624000,1519920000
350,10000322,512001196112200142,14587083252,1482768000,1576771200
698,10000218,445321195212036185,15341181842,1514217600,1527091200
984,10000149,340122193501215823,15045914151,1459440000,1543507200
118,10000246,231025193204265970,13502921296,1479484800,1559491200
952,10000056,440233195311101785,13112170294,1496592000,1538150400
709,10000587,540234195308144119,18023269609,1476288000,1577116800
617,10000758,370481198512182750,15778660680,1437408000,1566921600
958,10000863,140521197406092278,13297368792,1453564800,1523548800
896,10000465,511000199810232017,15531911657,1438963200,1525363200
557,10000200,150526196406150940,13746285163,1470412800,1522080000
30,10000050,411422195403205116,13369195458,1499011200,1577289600
762,10000230,361029194810135075,15880919671,1427299200,1520092800
903,10000687,654000196701079439,18900815642,1496160000,1516723200
361,10000124,231084199104026515,18720734332,1465920000,1543680000
748,10000273,150824199103068859,18765194076,1488038400,1551974400
738,10000986,230382196112151796,13368733870,1489680000,1520438400
413,10000058,640202198310230725,18710488531,1443801600,1563552000
17,10000872,520181197501200295,18084253183,1493308800,1567008000
843,10000522,610622197712204922,18848865878,1483891200,1565884800
25,10000620,450331197906090986,15712621733,1505836800,1540396800
147,10000495,230800196907097116,14755336977,1424793600,1522857600
430,10000143,371427197104185256,15781023757,1457020800,1566316800
886,10000743,53253219780902576X,13965896814,1480348800,1555257600
523,10000722,441201199307286260,18285574247,1505491200,1540224000
687,10000104,510122198009088310,15751810277,1430323200,1572796800
1,10000642,230707199206246230,15270486323,1427040000,1524412800
589,10000356,32131119320828970X,13660948168,1475424000,1557072000
669,10000132,330329194008262229,13569250086,1439395200,1521475200
830,10000034,320111198806097426,15165838612,1463155200,1571500800
2,10000098,513228194310255411,14764309434,1481904000,1524412800
150,10000478,510184197910159024,13591329472,1469203200,1544457600
838,10000819,150622198608160310,13643654239,1512403200,1554998400
