jid,sfzh,xm,gj,address
0,620900198806101603,杨婷婷,哈萨克斯坦,新疆维吾尔自治区秀梅市安次宜都路q座 694721
1,230707199206246230,苏红霞,所罗门群岛,重庆市晶市上街澳门路E座 305307
2,513228194310255411,严杨,布隆迪,甘肃省广州市沙市南宁街S座 993597
3,231101194504124626,张莹,阿鲁巴岛,贵州省浩市沙市范街w座 963615
4,542132197802091940,周丽,克罗地亚,辽宁省瑞县孝南张路w座 139439
5,411401194501224859,周莹,波兰,福建省飞县花溪合肥路L座 619863
6,210881194307264123,赵倩,阿塞拜疆,云南省丽娟市长寿兴安盟路G座 940098
7,440000194302074145,周浩,莫桑比克,山西省博市江北梧州街X座 711141
8,511300193703277040,陈萍,朝鲜,甘肃省郑州市和平龚街u座 152838
9,410882194911118978,柴兵,哥斯达黎加,辽宁省南昌县安次张路X座 873554
10,370282199706181799,张玉珍,缅甸,青海省红梅市梁平嘉禾街P座 283107
11,350104198608052763,林帆,摩纳哥,广东省汕尾市徐汇海门街C座 616114
12,652826196902103939,吴静,圣马力诺,吉林省利市白云王街o座 312852
13,654201195106250513,张娜,夏威夷,宁夏回族自治区通辽县清浦邯郸街F座 819041
14,652927195110136713,孔龙,圣赫勒拿,福建省香港市长寿韦路v座 942730
15,659002195003257333,张秀芳,西撒哈拉,澳门特别行政区玉珍市丰都呼和浩特路A座 724956
16,210803197707066091,王雪梅,土耳其,澳门特别行政区兴城县清河杨路J座 871048
17,520181197501200295,崔倩,越南,台湾省小红市海陵杭州街G座 558561
18,12000019871014461X,谢宁,马尔代夫,宁夏回族自治区云县金平邯郸街g座 959336
19,441481193604128352,王宁,阿曼,北京市桂兰市高坪西安路d座 522945
20,341203197808153335,梁小红,维尔京群岛,河南省淮安县崇文韦路x座 844901
21,320724196808132040,陈淑珍,赤道几内亚,贵州省汕尾县丰都曹路t座 297540
22,510500193010099050,陈丽华,约旦,湖北省惠州市龙潭马鞍山路L座 792313
23,370902193504303793,许波,澳大利亚,云南省张家港县南湖南宁路S座 199889
24,441621193208132100,农琴,以色列,浙江省洋市高坪长沙路x座 865347
25,450331197906090986,刘岩,东萨摩亚,湖北省建国县璧山哈尔滨街t座 948702
26,150924200004110098,侯军,维尔京群岛,四川省旭市和平昆明路j座 681317
27,37010419480220552X,邓婷,多米尼加共和国,广西壮族自治区丽丽县蓟州崔路r座 791421
28,330424197203228293,崔凯,利比亚,河南省飞县沈河成都路H座 857637
29,542521194110144617,周建国,几内亚,河南省武汉市友好蔡街e座 438601
30,411422195403205116,曹鑫,斯威士兰,广西壮族自治区建华市门头沟潜江路x座 875311
31,222401200005047439,林鑫,摩纳哥,广西壮族自治区成都市闵行赵路s座 657449
32,410581195712222715,赵晶,扎伊尔,甘肃省银川县丰都兴城街p座 245632
33,440700198401018719,周平,塞内加尔,澳门特别行政区广州县吉区杭州街a座 472629
34,150703196006142980,王鹏,也门,台湾省兰州市长寿吴路u座 694487
35,341203196702264622,黄亮,阿曼,河北省柳市西峰吴街M座 571950
36,360600195205142852,黄荣,开曼群岛,江西省秀芳县崇文张路g座 816999
37,440203199003267695,田斌,利比里亚,上海市香港市城北初路i座 780176
38,320113194506027551,陈凤兰,格鲁吉亚,海南省长春市蓟州姚路U座 849832
39,220301197909100851,杨志强,英国,山西省嘉禾市朝阳刘路E座 342465
40,41162519660120221X,赵俊,开曼群岛,辽宁省莹县南长辽阳路H座 349181
41,430405198103226943,彭文,牙买加,青海省帅县孝南哈尔滨街D座 366765
42,650121194601086142,吴宇,巴西,西藏自治区玉珍市新城宁德街i座 836543
43,140122193101133581,黄丽,安圭拉岛英,黑龙江省芳县怀柔南昌路j座 351187
44,450325196412215732,蔡辉,乌克兰,福建省楠县沙市上海路K座 416594
45,360622196009275650,梁凤兰,瑞士,江西省桂英市滨城谢街e座 656039
46,321100197411174623,张杨,瓜德罗普岛,广西壮族自治区梧州市门头沟阚街W座 498666
47,430382199811249072,赵玉,泰国,山东省斌县静安刘街a座 791063
48,350581197910226736,安丽娟,尼日尔,天津市丹丹市南湖南昌路l座 681373
49,130629197205017567,韩桂兰,瓜德罗普岛,青海省南京市兴山乌鲁木齐街J座 897836
50,360921197103236900,刘桂珍,几内亚比绍,上海市梅市西峰朱街g座 856854
51,361126198106184417,王桂花,马来西亚,广东省秀珍县友好丁街F座 760513
52,130728197910318604,黎俊,新加坡,北京市合山市沈北新巢湖路X座 383151
53,220103197008016806,陆丽丽,新喀里多尼亚群岛,宁夏回族自治区文市南湖邹路I座 127964
54,140502194007314635,王倩,保加利亚,广西壮族自治区丽华县南长陈路Z座 165812
55,420102199606220743,郑春梅,希腊,河北省澳门县涪城王街B座 212057
56,341000193902133711,杨建,维尔京群岛和圣罗克伊,河北省梅县孝南齐齐哈尔路A座 573377
57,370687197303105307,关桂荣,利比亚,广西壮族自治区亮县崇文赵街y座 212332
58,520624196601306797,韦玉华,玻利维亚,甘肃省成县徐汇哈尔滨路g座 146184
59,130638197812122752,张秀荣,百慕大群岛,福建省兰州县南湖叶路q座 126021
60,360401198901293426,李桂香,梵蒂冈,广东省玲市永川通辽路v座 930264
61,320507195409128165,李秀梅,夏威夷,河南省桂兰市华龙何街V座 338887
62,211403196204281640,屈莹,东萨摩亚,云南省志强市东丽吴路r座 662367
63,650103197710034123,陈浩,波多黎各,北京市晨市孝南伍街p座 835799
64,620422198406295323,周成,秘鲁,西藏自治区潜江市孝南郭路C座 145657
65,321311200112204487,尹畅,西班牙,浙江省海门市清城南宁路X座 978220
66,350725197708124760,许颖,苏丹,河北省北京县蓟州长春街u座 724322
67,330411194708105285,丁金凤,牙买加,内蒙古自治区鹏县萧山胡街R座 541242
68,530922200105130897,吴刚,中华人民共和国,新疆维吾尔自治区西安县江北太原街Q座 731531
69,140929196701136075,孟秀云,赞比亚,四川省宜都县璧山成街W座 573209
70,440113195001313458,郑芳,迪戈加西亚岛,北京市秀珍县江北汕尾街I座 483101
71,450303195504137492,赵波,摩尔多瓦,澳门特别行政区桂芝县牧野高路l座 904571
72,654325198003126544,李建国,古巴,云南省雪梅市东丽西宁街D座 125995
73,411023194202085410,刘玉珍,福克兰群岛,四川省杰市翔安陈路n座 706773
74,530924196503136817,黄丹,卡塔尔,海南省六盘水市沈河台北路N座 217746
75,140829199406014348,刘丽娟,爱尔兰,湖南省建国县萧山张街u座 470829
76,500223198303195555,华波,瑞士,广东省兰英县翔安海门路R座 542713
77,440116199511171389,李淑英,帕劳,吉林省阜新市涪城赵街I座 923224
78,210000198512029225,梅丹,迪戈加西亚岛,香港特别行政区永安市黄浦李路u座 363754
79,140827194802244158,胡冬梅,缅甸,广东省淑华市房山通辽街e座 805166
80,370283197612149832,王柳,圭亚那,澳门特别行政区雪梅市双滦辽阳路L座 477956
81,522631195805308146,蒙雷,西撒哈拉,香港特别行政区璐县牧野梧州街k座 627499
82,500110196805202384,陈楠,孟加拉国,甘肃省兵市静安惠州街z座 225666
83,513429199907042929,徐强,柬埔塞,山东省英市蓟州谢街x座 485580
84,520501194205129451,张琳,冰岛,甘肃省军县清浦天津街Q座 490306
85,533400196105044591,杨凯,百慕大群岛,四川省鑫市合川周路P座 413336
86,130927193707104471,平楠,新加坡,河南省玉珍市涪城张路Z座 644899
87,654224195609140169,褚娜,纳米比亚,海南省浩县蓟州邯郸路l座 429582
88,230204196705183019,周晨,冈比亚,天津市红霞县上街胡街d座 759841
89,360104199211183518,陈鹏,喀麦隆,福建省永安县怀柔李街z座 368082
90,340104195605241192,钱利,玻利维亚,海南省磊市静安呼和浩特路T座 993341
91,659003199904040435,覃晨,塞浦路斯,青海省关岭市秀英刘路f座 100637
92,520324198502192168,田琴,乌兹别克斯坦,澳门特别行政区雪县龙潭深圳路c座 386403
93,440281199601106858,王红,几内亚比绍,内蒙古自治区长沙县大东李路m座 715643
94,370283193911161825,梁娜,布基纳法索,北京市兴城市普陀六安路N座 223239
95,530822196511038688,萧林,蒙特塞拉特岛,台湾省汕尾县东城冯街N座 274527
96,130401199009249274,李阳,维尔京群岛和圣罗克伊,甘肃省荆门市崇文齐齐哈尔街Y座 160129
97,511502198911091001,陈秀芳,卢旺达,重庆市巢湖县闵行宁德路b座 344972
98,520121197802219831,范红,安提瓜和巴布达,吉林省辉县崇文黎路U座 926882
99,433124195308035202,胡刚,伊拉克,澳门特别行政区博市龙潭俞街r座 659895
100,440904194901243865,杨琳,马绍尔群岛,山东省玉梅市黄浦淮安路v座 411262
101,340181194806068777,贺婷,立陶宛,山西省广州市闵行大冶街n座 134586
102,420624200003030896,娄桂芳,贝宁,贵州省永安市山亭仲街H座 646748
103,420624199912048457,张军,留尼汪岛,福建省太原县高港王路x座 691345
104,230402193309183142,张利,法属圭亚那,天津市勇县合川张路X座 157904
105,350521193311278871,钟柳,科科斯岛,重庆市秀芳县魏都陈路g座 415645
106,450300199512293275,杨桂香,多哥,香港特别行政区澳门市普陀上海街f座 773644
107,411282195906154862,刘超,巴西,黑龙江省上海县山亭惠州路Y座 497306
108,411724194409075900,吴雷,喀麦隆,黑龙江省志强县金平成都路O座 452046
109,460201196306176210,高佳,塔吉克斯坦,台湾省丽县牧野汕尾街B座 606003
110,652302193411170078,张洁,阿塞拜疆,北京市淑华县蓟州吴路S座 769855
111,542624194011108279,魏楠,吉布提,澳门特别行政区利市高坪陈路N座 455507
112,420800195703126086,江桂兰,吉布提,西藏自治区海口市兴山雷街v座 615599
113,469000198010210934,陈雪,马耳他,甘肃省亮县沈河刘路h座 278965
114,530827196108093566,张旭,南非,重庆市合山市丰都熊街k座 232436
115,62072219981013643X,王淑珍,保加利亚,浙江省杭州县东城李街T座 168918
116,620502198501025583,黄莉,马来西亚,山西省龙市清浦太原街Q座 410836
117,513338197907238472,高莉,马其顿,上海市大冶县孝南辽阳路f座 166014
118,231025193204265970,李帅,乌克兰,安徽省娜市大东梁路G座 932872
119,130522198209175655,韩淑兰,科威特,四川省香港县闵行南宁街J座 521101
120,230505199702193015,王秀英,马达加斯加,澳门特别行政区永安县梁平崔路a座 158759
121,36102119931211330X,金玉华,斯威士兰,江苏省燕县大兴哈尔滨路T座 835951
122,410204194411084423,刘玉,马其顿,黑龙江省沈阳市蓟州李街m座 648446
123,231005196701304086,王洁,索马里,西藏自治区琳市沙市辽阳街W座 184115
124,433122193305291161,侯秀芳,厄立特里亚,贵州省琳县大东黄街V座 284367
125,210181198107055319,王琳,马约特岛,四川省瑞市普陀何街g座 667459
126,431123194910312513,覃桂香,哈萨克斯坦,新疆维吾尔自治区兰英市沙湾永安街N座 265816
127,370304197204256989,蒙欣,阿尔及利亚,甘肃省佳县崇文汪街B座 916992
128,422826199408300647,丁雪,澳大利亚,山东省淑英市大东张街z座 516603
129,652823195012237974,袁鹏,所罗门群岛,湖北省岩县海港张街r座 644288
130,341021195110227745,王玉梅,圣赫勒拿,上海市伟县长寿胡街x座 296241
131,131022197205141000,金慧,西班牙,天津市桂香市永川石家庄路n座 215932
132,510303196109121731,江佳,缅甸,山东省杭州市东城张街Q座 474534
133,542226200110156531,贺建平,直布罗陀,山东省天津县锡山许路A座 843076
134,431228195502132603,魏红,意大利,北京市马鞍山市华龙阜新街t座 261605
135,430701199307207133,刘瑜,以色列,重庆市潮州市浔阳关岭路k座 533057
136,450481199708047037,安飞,牙买加,河北省瑞县沈北新张街V座 973768
137,450305197104289907,赵鑫,维尔京群岛和圣罗克伊,澳门特别行政区海门县朝阳何街I座 766638
138,513300197809061395,张琴,中途岛,江西省浩县淄川马鞍山路e座 908110
139,621101198809025478,宫利,爱沙尼亚,云南省平县华龙王路B座 172463
140,320612196412155093,雷婷,所罗门群岛,河南省张家港市长寿辛集街N座 175520
141,21102119611106834X,郭凤兰,卢森堡,浙江省峰市滨城澳门路i座 308537
142,62102119820825155X,刘洁,荷兰,上海市沈阳县房山华街B座 435474
143,610628197608193037,廖亮,桑给巴尔,山东省成都县闵行赵街y座 168784
144,330000197312186376,姚丽丽,圣文森特岛,江西省哈尔滨市沙市北京街E座 100178
145,231003197111172994,罗娟,阿拉伯联合酋长国,香港特别行政区琳市白云乌鲁木齐路n座 867711
146,411082193601058132,屈晨,中途岛,贵州省玉英县双滦贾街U座 903817
147,230800196907097116,余斌,蒙古,浙江省宜都市滨城李路d座 676781
148,61083119381230791X,罗桂芳,布隆迪,山东省斌县清浦朱路P座 648106
149,43048219470903625X,徐静,洪都拉斯,澳门特别行政区文市六枝特吕街J座 113433
150,510184197910159024,赵宇,夏威夷,香港特别行政区宜都市黄浦郭街a座 414151
151,520602197112130782,马玉,维尔京群岛和圣罗克伊,江苏省合山市六枝特潮州街z座 428386
152,513327199704039940,谢建,玻利维亚,陕西省丽县徐汇郭街M座 262023
153,220421197910032818,张文,乌干达,广西壮族自治区潜江市南长太原街O座 681209
154,370923194912195871,罗坤,阿尔巴尼亚,湖北省丽县和平香港街d座 809905
155,110117197904137799,刘飞,塞浦路斯,浙江省杭州县龙潭刘街k座 246506
156,341623198511111013,贺洁,伯利兹,内蒙古自治区海口县滨城刘街M座 809878
157,430624193403091451,李平,科特迪瓦,贵州省西安县和平田路y座 906032
158,341102196802225266,张平,美国,重庆市潜江县永川鞠路C座 175706
159,211403194912305544,陈洁,厄瓜多尔,新疆维吾尔自治区台北市滨城熊街P座 616375
160,410500197801173274,罗静,缅甸,宁夏回族自治区柳州县黄浦张路M座 892970
161,37082919370328119X,左洋,多米尼克国,上海市西宁市秀英陈路V座 114162
162,430422197408291254,刘莉,以色列,山西省玉兰县孝南杭州街i座 734283
163,43112819531015057X,王丽,索马里,江苏省淑兰市徐汇陈路w座 987457
164,141030197409191730,万辉,索马里,山西省石家庄市沙湾宜都路L座 212451
165,620982198408199929,任林,纳米比亚,江苏省淑英市永川海门路l座 612054
166,361123198803275243,陈敏,玻利维亚,云南省通辽县合川薛路g座 359210
167,451481195801073531,汪秀华,列支敦士登,宁夏回族自治区淑兰市山亭熊路o座 174259
168,230306198103311201,黄桂珍,特克斯和凯科斯群岛,山东省冬梅县清浦李路b座 773788
169,513430196407034385,李艳,刚果,贵州省洋市永川刘路K座 685325
170,230229193909259023,马东,佛得角,台湾省慧市永川王街Q座 608206
171,32072319880204582X,武桂英,维尔京群岛和圣罗克伊,福建省欢市清城惠州路A座 642653
172,370285196208097952,陈秀珍,新喀里多尼亚群岛,陕西省上海市清城陈街x座 389901
173,511024193703033251,牛桂荣,法国,青海省福州县清河萧街v座 424812
174,23060019920409152X,王莉,塞舌尔,宁夏回族自治区英市和平孙街A座 720930
175,611021199512097158,陈玉珍,图瓦卢,河南省敏县大东齐齐哈尔街X座 135298
176,542424199107048049,李倩,佛得角,浙江省俊县南溪长沙路d座 234029
177,61063019550501625X,莫畅,巴拿马,重庆市呼和浩特市长寿李街v座 841853
178,62110219880207680X,钟英,中途岛,上海市小红市新城宜都路W座 202108
179,450924194411255713,王桂荣,科摩罗,福建省海口市大东任路j座 156947
180,511324195410223348,李宇,塞浦路斯,黑龙江省张家港市江北齐齐哈尔街V座 910691
181,411522194112162057,贾桂芝,西撒哈拉,天津市永安县牧野六盘水路j座 234473
182,220402194805144866,马宁,委内瑞拉,云南省云县东城深圳路P座 581360
183,610702195309146698,周帆,海地,安徽省杭州县魏都宜都路r座 675690
184,441523194910248295,蔡兵,巴林,湖北省马鞍山市萧山林路r座 580031
185,140928195008062230,许瑜,玻利维亚,江西省海门县高明刘路w座 291024
186,532622198308234800,傅娜,桑给巴尔,新疆维吾尔自治区敏县黄浦庞街g座 409772
187,511132195311048571,王瑞,尼加拉瓜,云南省通辽县高明江街a座 804303
188,230801193509125065,王桂兰,格林纳达,新疆维吾尔自治区晶县安次哈尔滨街J座 162048
189,350900193004244866,陈梅,阿根廷,北京市欣市牧野熊街H座 728576
190,321281196011188726,张凤英,乌克兰,山西省香港市门头沟武汉街r座 241996
191,211322193902014486,韩红,乌干达,福建省丹市南溪张街O座 929842
192,421102195909294662,潘帆,莫桑比克,江西省凤英市吉区天津街K座 615150
193,653130197201195887,覃雪,哈萨克斯坦,辽宁省南宁县永川长春路C座 730079
194,64010119650208862X,陈玉英,洪都拉斯,四川省郑州县丰都李街x座 931982
195,540121197711081922,方明,留尼汪岛,浙江省冬梅县东城庞路K座 305320
196,350581197701259793,傅楠,日本,澳门特别行政区雪县高坪魏路s座 726605
197,141182194212188448,毛桂芝,摩尔多瓦,浙江省淑英县西峰阎路X座 810192
198,140522194610108938,陈想,不丹,安徽省娜市东丽张路h座 439403
199,230708198005165380,夏玉英,厄立特里亚,安徽省英市友好郁街u座 763550
200,341824198209214836,曹玲,桑给巴尔,上海市郑州县西夏杭州街b座 334477
201,441625194303195791,刘荣,危地马拉,甘肃省兴城县金平廖路O座 209889
202,440981193907208428,陈兰英,安圭拉岛英,吉林省勇市江北陈街v座 447646
203,210411197005166440,罗博,圣克里斯托弗和尼维斯,吉林省雷市大兴姚街c座 376476
204,610481193812047291,姜莹,泰国,吉林省雪梅县大东张家港路Y座 724800
205,653101197002217594,何超,马里,江西省彬市城北拉萨街y座 366625
206,230624199001257009,周磊,孟加拉国,上海市婷婷县海港乌鲁木齐街T座 120487
207,652122196208171997,梁丹丹,阿森松,吉林省邯郸市长寿石路O座 271304
208,232700194206160167,杜辉,立陶宛,山西省林市江北潮州街j座 727509
209,610823199509140544,王秀荣,博茨瓦纳,香港特别行政区荆门市沙湾谢街K座 112736
210,140201195009189008,陈玉英,埃塞俄比亚,福建省秀英县锡山曲路L座 874498
211,211122196304281763,王桂香,波多黎各,福建省燕县海陵李路P座 459339
212,210802193207013677,王丹,印度尼西亚,贵州省建军县清城谭路Q座 460967
213,620301193503031872,覃杰,立陶宛,辽宁省志强县平山芦路q座 948829
214,520423197111041316,辛燕,巴拉圭,湖南省艳县城东张路O座 192038
215,450521193002126691,陈晨,利比亚,新疆维吾尔自治区春梅县城北成都路x座 581646
216,520628199709085091,朱想,瓜德罗普岛,广西壮族自治区秀云县上街辛集路X座 493557
217,520324196503066447,赵凯,肯尼亚,江苏省辉市高港台北路d座 675752
218,15062519901107187X,郭利,毛里塔尼亚,陕西省深圳县永川南宁路a座 369468
219,620825195811245829,林秀兰,塞内加尔,香港特别行政区南宁县金平孙街q座 360530
220,320508199205083772,李小红,尼泊尔,青海省雪县丰都董路A座 753410
221,469002199301282476,毛洁,圣克里斯托弗和尼维斯,安徽省磊县沈北新李街j座 710958
222,510000197412212395,刘秀云,泰国,黑龙江省海门市高坪吴街P座 497324
223,341503197105098276,张瑞,巴林,浙江省北京县浔阳毛路q座 897252
224,330702194310271806,袁建军,帕劳,湖南省凤兰市清浦济南路r座 909004
225,370901197303046331,刘艳,玻利维亚,黑龙江省伟市锡山潜江街A座 962191
226,360400193206205616,姚秀梅,乌兹别克斯坦,河北省合肥市蓟州太原路v座 864471
227,230381198510249396,李华,关岛,浙江省丽娟县滨城南京街i座 256411
228,542424199403281195,王凤英,阿拉斯加,浙江省斌市双滦吴路n座 590478
229,500229195009202683,陈波,叙利亚,河南省秀珍市孝南哈尔滨路w座 515472
230,542626197902097995,王艳,贝宁,宁夏回族自治区沈阳县魏都甄街y座 996922
231,621021195402186196,王敏,泰国,山西省琳市房山惠州街C座 984248
232,140226199710151353,赵阳,布隆迪,澳门特别行政区银川市东城王路Y座 227199
233,15092119841017619X,王旭,格鲁吉亚,海南省潮州市滨城李路y座 765948
234,211201197110102446,王林,肯尼亚,安徽省淑兰市兴山胡街N座 842425
235,371311196610280968,罗利,塔吉克斯坦,香港特别行政区建县丰都太原路V座 876704
236,533124198409307358,朱玉梅,索马里,安徽省琳县清城刘路R座 628680
237,451023196608045204,李峰,约旦,山西省淮安市清浦李街h座 665764
238,36100019701227504X,章桂兰,阿富汗,江西省琳县平山王路Q座 835631
239,331181194304253277,艾芳,伯利兹,香港特别行政区兴城县永川窦路r座 532872
240,440511195009219289,张淑珍,格鲁吉亚,江西省志强县西夏汤路q座 765432
241,630105193810203095,甘鹏,刚果,河南省北镇市普陀王路O座 359818
242,370881199705118305,冯亮,布基纳法索,山西省华市友好西宁路z座 474295
243,440785194809136298,黎建华,波兰,山东省杭州市大东郑路j座 122066
244,610426197309113734,王淑英,吉尔吉斯斯坦,河北省桂香县沈河银川路V座 123896
245,511502197704135361,韩雪,约旦,安徽省深圳县清河柳州路B座 523796
246,429000198909050572,王淑兰,哥斯达黎加,河北省英市东丽张街K座 254115
247,350203193102223066,梁雪,斐济,北京市沈阳县普陀赵路T座 722927
248,460300194304198547,黄桂花,新加坡,山西省西安县大兴林街T座 428391
249,450102199105248890,徐阳,奥地利,江西省台北县海陵何路L座 269811
250,450304198803043998,傅洁,冰岛,河南省建华县西峰海门路U座 219989
251,360425199907041225,郝志强,科威特,陕西省凤英市安次澳门路B座 356590
252,41030119680930716X,武俊,尼日尔,贵州省郑州市门头沟成都路A座 589447
253,210282195404252245,李秀英,荷属安的列斯群岛,浙江省荣市门头沟石家庄路g座 368436
254,330903194404134092,刘玉华,蒙特塞拉特岛,安徽省霞县吉区郭路C座 555777
255,130801196607255373,陶冬梅,乌拉圭,安徽省彬市门头沟哈尔滨路s座 785630
256,611021198803025184,苏秀荣,扎伊尔,西藏自治区玉县南长李路J座 560984
257,360727199110142749,陈艳,亚美尼亚,天津市兴城县和平黄路W座 882672
258,430204193504243736,白玉兰,关岛,北京市深圳县沙湾张街y座 621422
259,410182197005127480,封雪梅,莫桑比克,香港特别行政区贵阳县合川李街y座 427352
260,350102196001074470,张丹,密克罗尼西亚,山东省沈阳市萧山彭路P座 882147
261,511827196401137502,郑瑜,新喀里多尼亚群岛,台湾省俊市淄川惠州街c座 167601
262,320118199503034646,彭博,柬埔塞,云南省西宁市城东六安街k座 644290
263,140122194312139638,王龙,苏丹,贵州省邯郸市丰都罗街p座 861213
264,130902199405070237,赵兰英,朝鲜,河南省倩市新城高街X座 680676
265,140108193704177519,林梅,葡萄牙,江西省兴安盟市江北深圳街q座 180885
266,210901198508191188,孙浩,马里亚纳群岛,山西省桂香市东城哈尔滨路m座 901342
267,341300193201087544,陶兵,圣马力诺,甘肃省建国县大东福州路E座 608143
268,370686196604068406,韩凤兰,赤道几内亚,青海省超市普陀拉萨路z座 908451
269,331001195604104000,张凤兰,巴林,湖北省燕县沙市邯郸路M座 156221
270,451422197709223364,吴琳,福克兰群岛,贵州省汕尾县高明陈街P座 460349
271,430221196101291151,杨欣,马提尼克,山东省帆市长寿李路F座 237706
272,522725195310086834,白敏,诺福克岛,辽宁省太原市南溪彭街Y座 880499
273,210781199705154998,安洋,卢森堡,云南省惠州县沈北新惠州街g座 599651
274,450124193402073362,孙芳,巴布亚新几内亚,青海省雪县沈河李街o座 628295
275,430600193107175713,罗莉,拉脱维亚,北京市辛集县魏都黄街y座 911032
276,360502193507065168,王秀芳,委内瑞拉,江西省梧州市安次嘉禾街l座 326937
277,411103196605022149,杨勇,圣卢西亚,福建省兴城县长寿蔡路g座 899095
278,610328194308224866,秦玉梅,特立尼达和多巴哥,广东省敏县安次杭州路r座 493062
279,150923194606242384,吕琴,几内亚比绍,广东省华市海港哈尔滨路R座 717461
280,511301199602052911,林凤英,英国,河南省春梅市高坪高街D座 123971
281,330106194410208006,陈云,纳米比亚,陕西省兴城县魏都郑州街R座 524288
282,54223219550612680X,李丽娟,新加坡,内蒙古自治区马鞍山县沙市杜街K座 411943
283,130424198610305919,何冬梅,爱沙尼亚,香港特别行政区惠州县和平岳街P座 687940
284,440304198308170736,许娜,芬兰,重庆市成都县南长潜江路s座 596898
285,410181197408126136,翁梅,伊郎,广西壮族自治区澳门县孝南武汉路b座 831188
286,331021193707150102,赵利,列支敦士登,湖北省波市花溪王路R座 451291
287,451402194105204497,王晶,托克劳群岛,北京市涛市南长施街V座 276926
288,513431198309241140,孟梅,帕劳,吉林省飞县淄川陈街J座 457942
289,13068119680522996X,黄帆,南斯拉夫,新疆维吾尔自治区昆明县房山惠州街G座 256306
290,430121200003239265,宋想,关岛,台湾省浩市沙湾张街C座 870981
291,360427196611085113,蒙梅,古巴,吉林省辽阳市城东马鞍山街J座 121461
292,321323196501212006,袁文,维尔京群岛,青海省昆明市双滦陈街A座 471916
293,231025194705084005,陈浩,扎伊尔,安徽省娟县闵行师街u座 262840
294,321001194311051148,朱桂芝,德国,香港特别行政区桂英市新城台北街b座 927929
295,451425196906279740,王桂芝,印度尼西亚,上海市桂英县牧野辽阳街B座 931924
296,440804194507184208,姜丽,印度尼西亚,辽宁省郑州县长寿柳州街G座 970486
297,451023197403075009,高丽华,帕劳,重庆市成都县高港韩路G座 427610
298,430900199501302649,雷红梅,斯威士兰,吉林省郑州市黄浦黄街T座 703075
299,130826199101195642,黄志强,摩尔多瓦,甘肃省成市南长黄路B座 137400
300,530428197409130040,王宁,中国,四川省齐齐哈尔县高明孟路E座 802587
301,130125197307187441,张旭,巴林,湖南省冬梅市怀柔潜江街r座 986114
302,152200196310025805,林桂珍,墨西哥,内蒙古自治区辽阳县浔阳相街I座 127169
303,511900198708166273,李秀英,多米尼加共和国,宁夏回族自治区乌鲁木齐县南溪南京街l座 787744
304,420117196110250309,李秀梅,巴布亚新几内亚,湖北省帆县高明澳门街x座 580021
305,370704197402099322,沈红,萨尔瓦多,新疆维吾尔自治区岩县南溪梧州街z座 859560
306,350526198010063126,毛瑞,黎巴嫩,浙江省成市清城永安路A座 899491
307,622924199305117794,张桂香,吉尔吉斯斯坦,香港特别行政区石家庄县南长梁街A座 930153
308,341821194905212538,孔凯,所罗门群岛,广西壮族自治区帅县翔安梧州街e座 258709
309,220301193902221054,金旭,南非,江西省桂香市兴山西宁路S座 510943
310,440783200007203765,桑凤英,以色列,青海省凤兰县高明周街c座 779219
311,45048119660302226X,杨刚,马拉维,广东省想县秀英成都路l座 522812
312,360202194405220049,张秀云,瓜德罗普岛,天津市桂花市永川巢湖路B座 707297
313,540102195707068575,石文,约旦,广东省金凤县朝阳赵街h座 659247
314,513430196703319190,杨畅,阿鲁巴岛,湖南省桂芝市崇文六盘水路S座 941395
315,450481197409040936,何秀梅,法属圭亚那,吉林省秀荣县兴山大冶路p座 583243
316,440201194506287967,彭建军,塔吉克斯坦,澳门特别行政区潜江县房山阮街Q座 142690
317,43128119331116295X,杨东,安哥拉,山西省凤兰县永川蔡街j座 186907
318,37132719850617716X,岳伟,威克岛,吉林省建国市高坪沈阳街m座 146500
319,230302198711054733,刘桂芝,多哥,内蒙古自治区建市东丽葛街j座 815474
320,500115199305034762,崔金凤,塞内加尔,河南省梅县山亭胡街X座 554702
321,370211197305243747,郭敏,新喀里多尼亚群岛,西藏自治区邯郸市东城莫路R座 962940
322,210521198206128435,王桂珍,开曼群岛,新疆维吾尔自治区秀华市友好潜江路B座 758393
323,500109198112294451,符明,多米尼克国,宁夏回族自治区沈阳县双滦陈街B座 489401
324,441322194202132550,万梅,摩洛哥,青海省丽市大东张街c座 192369
325,350581195201222880,王波,尼日利亚,陕西省平市东城南京街Q座 819391
326,420205193803048767,黄洁,伊郎,上海市璐县安次嘉禾街j座 374381
327,230826199912052075,赵志强,法属波里尼西亚,福建省秀珍市安次北京街r座 489253
328,513321193010119123,徐冬梅,约旦,湖北省深圳市清河孟街y座 218341
329,51332719750419586X,张洋,泰国,河南省小红县长寿广州路K座 360962
330,510322198502058853,陈飞,拉脱维亚,江西省辽阳市南长兴安盟街w座 503866
331,15082419600801797X,李建平,巴哈马国,浙江省军市华龙田街P座 928750
332,445301197607120991,余洁,莱索托,安徽省沈阳县西夏孙路s座 586877
333,542222195305276307,汪娟,古巴,河南省梧州县普陀嘉禾街j座 342714
334,411722200101225226,冼健,新加坡,香港特别行政区玉珍市清河袁路k座 910223
335,130622200103200109,张建国,克罗地亚,四川省红县静安哈尔滨街T座 931304
336,410182195112051558,张玲,斯里兰卡,内蒙古自治区帆县秀英哈尔滨路R座 490992
337,340827193810051578,陈丽丽,加纳,宁夏回族自治区桂花市华龙熊路l座 836198
338,421123194302213982,贺玉珍,荷兰,山东省云市高坪巢湖路t座 751238
339,542123196706145055,刘雷,圭亚那,广东省健市东城东莞街L座 702492
340,141022199507243230,冀俊,喀麦隆,天津市小红市安次梧州街c座 119497
341,542226198611298925,姜磊,科科斯岛,湖南省桂珍市西夏沈阳路s座 889633
342,511903199207233080,严玉梅,多米尼加共和国,贵州省杨市高港段路I座 197003
343,41100219541127515X,贾建平,科摩罗,江西省惠州市孝南刘街h座 730970
344,532324196806061831,宋娜,冈比亚,内蒙古自治区武汉市金平东莞路a座 929831
345,23050219690323081X,王秀英,瑞士,广东省巢湖县滨城广州街E座 980159
346,621122194907091675,王秀云,洪都拉斯,青海省北京县黄浦成都路y座 384216
347,331082196012262286,戴慧,阿根廷,天津市济南县蓟州北京街R座 859980
348,411724193410093263,杨建平,泰国,四川省六安市平山王街a座 531152
349,131082194510118168,王淑珍,印度尼西亚,新疆维吾尔自治区琴县西夏何街t座 529715
350,512001196112200142,朱洁,塞浦路斯,天津市玉珍县滨城刘路R座 395791
351,41160119690515624X,贾晨,维尔京群岛和圣罗克伊,山东省合肥县东城黎路T座 302336
352,44162319690103568X,伍文,南非,台湾省志强县秀英长春街w座 684895
353,620000196010217194,朱柳,直布罗陀,天津市沈阳市沙湾罗街r座 195509
354,361122195806205638,韦玉珍,喀麦隆,河南省银川市南长梧州街B座 966657
355,150627194210207821,梁浩,中非,江苏省文县魏都济南街r座 440160
356,320481195406101782,高建华,马绍尔群岛,新疆维吾尔自治区深圳市淄川王路h座 550863
357,330000194510017596,龚淑兰,马约特岛,西藏自治区潮州县江北济南街j座 738977
358,513424197610271404,李丹,巴拿马,北京市静市清河郑路I座 320038
359,522732199801305378,龙华,吉布提,贵州省贵阳市山亭焦街D座 513862
360,210703199702072285,王成,喀麦隆,福建省斌市朝阳台北路c座 607723
361,231084199104026515,马涛,纳米比亚,海南省萍县新城成都路u座 321369
362,621023195103251552,孙秀华,白俄罗斯,云南省婷市平山哈尔滨路L座 517632
363,430381193403182928,杨东,喀麦隆,江苏省合肥县白云长沙路e座 368395
364,610822196806201630,萧敏,波兰,天津市北镇县南溪王街z座 620604
365,460106198708205227,张建军,老挝,广东省海口市牧野杨街U座 242431
366,120113199010090608,程华,秘鲁,河北省浩县合川柳州路J座 373752
367,31010819620512168X,张宁,巴基斯坦,甘肃省玉英县沈北新李街Q座 833465
368,421321194009285192,李瑜,巴拿马,重庆市重庆市白云佛山路n座 465221
369,53292719710124508X,潘军,亚美尼亚,江西省贵阳市长寿王路M座 830811
370,340801194705309355,徐玉英,贝宁,吉林省红霞市南溪天津路X座 479780
371,511523194104029037,谭海燕,多米尼克国,西藏自治区荆门县海陵昆明路l座 833500
372,210102198711110892,路伟,朝鲜,西藏自治区桂花市沈北新黄街F座 471015
373,411122200006123544,李建国,伯利兹,天津市南宁市秀英欧街Y座 791612
374,130526196212233664,何勇,波斯尼亚和黑塞哥维那,江西省柳县西峰何路r座 745091
375,440511194406163974,陈婷婷,瓦里斯和富士那群岛,西藏自治区鑫市门头沟济南街O座 541021
376,510681198801256354,朱红,伯利兹,河南省阜新县永川马鞍山街Z座 460899
377,150929196202111916,房婷婷,尼日利亚,福建省沈阳县山亭刘路m座 445134
378,45122419640601831X,吴玉兰,直布罗陀,福建省凤兰县门头沟何路W座 569632
379,540127196208146315,姚浩,斯里兰卡,宁夏回族自治区兴城县兴山陈路o座 867395
380,360681196703300254,罗秀梅,爱沙尼亚,吉林省岩县新城重庆街p座 892527
381,520100199408232947,徐晶,吉布提,浙江省淑英县永川济南路g座 505943
382,530630199706123703,魏丹,厄瓜多尔,湖南省杰市大兴兰州街R座 961486
383,220421193908108037,孙秀华,巴西,黑龙江省东县白云西宁街g座 758442
384,540224199604206703,安丹,苏里南,广西壮族自治区凤英市兴山廖路N座 102189
385,210300194512053004,李玉兰,吉布提,河南省兴城市城北张街J座 524357
386,140600197201027388,贾楠,立陶宛,湖南省邯郸县合川长沙路R座 176332
387,150105195812211413,孙杰,津巴布韦,青海省佛山市安次李路x座 241680
388,460203197510066470,赵桂荣,赞比亚,新疆维吾尔自治区桂芝市怀柔吕路c座 334214
389,411724196402208263,曾文,阿尔巴尼亚,西藏自治区贵阳县兴山迟街V座 434223
390,321003197806160078,范红,奥地利,陕西省欢市怀柔卢街J座 313298
391,230206198308104219,徐琴,韩国,江苏省呼和浩特市山亭通辽街e座 295217
392,350322199310092891,傅芳,百慕大群岛,安徽省彬县海港陈路T座 488701
393,15040219310502027X,罗秀珍,索马里,湖北省辽阳市兴山刘街i座 101820
394,653224198808297110,夏玲,马里,台湾省强市翔安吴街a座 372337
395,610526194401287771,吴莹,波多黎各,安徽省林市城东卢街t座 438478
396,610901193710214533,王荣,斐济,山东省冬梅县锡山贵阳街K座 529696
397,520325198001091373,焦莹,特克斯和凯科斯群岛,陕西省天津市城东刘路O座 386697
398,630123198501030675,林霞,以色列,贵州省哈尔滨市龙潭马路v座 615226
399,150204193612099586,欧利,摩尔多瓦,福建省重庆县山亭李路W座 931743
400,120114195205299071,周龙,俄罗斯,海南省六盘水县平山上海路C座 913400
401,150201197309306561,李瑜,丹麦,河南省柳州县和平沈阳街n座 387519
402,410322195308169763,孙静,塞内加尔,浙江省燕市涪城北京路I座 444795
403,46900619590819981X,韦勇,黎巴嫩,辽宁省南宁市海陵南京街h座 308903
404,34162219650812810X,李桂花,意大利,江西省六安市西夏刘街B座 244154
405,140224198308307172,殷浩,朝鲜,贵州省秀英县浔阳王街h座 960527
406,360727199910120580,杨凤英,圣马力诺,天津市南京县蓟州郭路o座 115677
407,510107198712048982,黄建,博茨瓦纳,河南省丽娟县吉区福州街O座 760753
408,130300195101033054,赖海燕,密克罗尼西亚,福建省银川市吉区彭街P座 901541
409,540221194009178961,许玉珍,法属波里尼西亚,香港特别行政区雪梅县南湖张路p座 539225
410,520201196401304168,王杨,哥伦比亚,香港特别行政区梅市梁平黄街h座 897278
411,150421196111222137,张楠,巴林,广西壮族自治区石家庄市门头沟彭路d座 912873
412,421222195101135985,钟彬,多米尼加共和国,黑龙江省佛山市璧山陶路F座 307873
413,640202198310230725,冉燕,巴布亚新几内亚,安徽省莹市高港夏街O座 205153
414,62040119380729620X,许杨,卡塔尔,四川省瑜县永川阜新街S座 385832
415,450126193411244023,王瑞,罗马尼亚,西藏自治区汕尾市沈河宜都路p座 208400
416,350926198306036700,杨峰,越南,湖北省潮州县双滦纪路g座 212484
417,410182199506308211,韩淑华,危地马拉,台湾省洋县吉区丁路D座 883652
418,370901193811151156,李兰英,古巴,云南省台北县孝南嘉禾路p座 386898
419,150121193705306653,雷坤,尼日利亚,宁夏回族自治区想市平山邯郸街W座 913835
420,330100197906027618,丁莹,朝鲜,黑龙江省沈阳市锡山永安路P座 405304
421,630102196201278029,郑洋,哈萨克斯坦,四川省健市长寿辽阳街K座 121047
422,140122193307162900,陈玉兰,日本,新疆维吾尔自治区辛集县六枝特芦街A座 736097
423,370783194301244035,黄波,马约特岛,广东省重庆县吉区福州街l座 259004
424,500241194007191802,范想,亚美尼亚,湖南省福州市璧山沈路E座 856974
425,370203199406148158,张玲,桑给巴尔,山东省秀芳市门头沟母路T座 436584
426,542622193604028971,殷琳,芬兰,山东省柳州县友好乌鲁木齐路O座 872021
427,510500195010087622,王瑞,塞浦路斯,重庆市沈阳县静安张路A座 768622
428,360983199202013161,姚明,柬埔塞,黑龙江省军县牧野阜新街O座 653180
429,130923196007051602,韩军,百慕大群岛,广西壮族自治区荆门市静安南昌街v座 692664
430,371427197104185256,陈瑜,安提瓜和巴布达,安徽省梅县孝南胡路X座 177462
431,341823194509245365,粟凯,蒙特塞拉特岛,北京市淮安县丰都太原街t座 107288
432,130632197107087818,赵佳,匈牙利,浙江省颖县闵行澳门路G座 547419
433,230200199706104253,丁健,蒙古,内蒙古自治区潜江县吉区曾路T座 261163
434,430811194309249391,刘玉,法国,河北省惠州市淄川李街i座 456846
435,210922194806290399,邹瑜,蒙特塞拉特岛,陕西省帅县南湖周路l座 496524
436,130528196508264374,黄建国,波多黎各,福建省洁市孝南刘路Q座 831273
437,430781195801043430,赵波,哥斯达黎加,北京市东莞县南长马鞍山街r座 470267
438,44011419881116612X,卫晨,土耳其,湖南省嘉禾县淄川梧州路z座 695535
439,130700194904151692,刘凤兰,莫桑比克,山西省琳县华龙周路y座 325900
440,420626199212142840,姜凯,罗马尼亚,上海市南昌县城北呼和浩特路i座 926684
441,340825197210291303,江斌,韩国,陕西省惠州市静安全路Z座 669149
442,450512196612082785,卢淑珍,哥斯达黎加,河北省西安县龙潭宜都路z座 457388
443,530324199908171021,黄雪梅,斯洛文尼亚,河北省娜县永川沈阳路c座 909591
444,330601196207228532,丁小红,马里亚纳群岛,吉林省秀梅县闵行王路y座 461182
445,410327194305164999,赵畅,叙利亚,贵州省贵阳市崇文陈路O座 481378
446,440300200010138316,梅磊,桑给巴尔,吉林省西安县门头沟长沙路Q座 402116
447,431024195108276493,韩静,摩纳哥,山东省柳州县徐汇海门路v座 697863
448,341122195812221171,丁龙,阿拉伯联合酋长国,山西省荣市门头沟王路j座 978122
449,620503198104173730,胡洁,赞比亚,广东省成都县沙湾香港街U座 491788
450,41152119680808001X,李秀荣,伊郎,湖北省阜新县清河台北路q座 148738
451,371423198305170500,张林,利比里亚,河南省汕尾县西峰南昌街e座 708204
452,131024196904128639,朱桂英,图瓦卢,四川省齐齐哈尔市清城兰州街A座 314439
453,220702197106045244,卿杰,赞比亚,浙江省兰州县长寿谭街V座 330186
454,150822195801175167,郑金凤,吉尔吉斯斯坦,内蒙古自治区桂芳市东丽解路B座 534580
455,350601197412280821,陈建国,布基纳法索,澳门特别行政区辉市沙市东莞街m座 280104
456,450000196508047223,尹伟,梵蒂冈,江西省明市南湖邱街X座 259261
457,150502196308222380,冯玉珍,芬兰,云南省台北市闵行银川街f座 697484
458,130525195702018608,张坤,科摩罗,河南省红霞县清浦北京街D座 332544
459,371102197104039220,王梅,肯尼亚,江西省南昌县海港深圳街i座 173414
460,430702199209121658,梁超,老挝,福建省想县西夏白路o座 892598
461,510681199408133512,陈凯,突尼斯,辽宁省兴安盟市大兴南京街o座 831020
462,460101198503251463,李文,斯里兰卡,内蒙古自治区莉县萧山兴安盟路M座 228054
463,210600196002298760,李晶,海地,山西省梅县滨城黄路q座 411020
464,410622198411229568,杨秀华,所罗门群岛,安徽省阳县东丽上海路Q座 344848
465,321102196710045563,阳勇,圣多美和普林西比,甘肃省淑英县永川澳门街C座 975189
466,451122199901276215,龙畅,维尔京群岛和圣罗克伊,贵州省潜江市海陵齐齐哈尔街x座 238381
467,510100194512105046,赵晨,中华人民共和国,云南省成市沙市马路f座 821498
468,430923194007061183,张雪,乌兹别克斯坦,澳门特别行政区佛山市朝阳合肥路T座 922509
469,42130319470921478X,张淑珍,毛里求斯,贵州省拉萨市上街丁街q座 826156
470,210411194106283490,迟旭,阿富汗,宁夏回族自治区雪梅县徐汇北京街J座 438554
471,220102193206077701,信英,蒙特塞拉特岛,宁夏回族自治区南宁市江北南京街y座 678687
472,140823196006169752,黄秀荣,波斯尼亚和黑塞哥维那,湖南省洋县大东兴安盟路u座 813912
473,130929195409270684,王凯,特立尼达和多巴哥,湖南省北镇县沈河澳门街q座 934850
474,130433195901310147,王秀荣,土库曼斯坦,广东省太原县大东李街Y座 335165
475,431121198702081904,雷建平,希腊,江西省上海县安次辛集路c座 455874
476,610122194504296294,田丽,马约特岛,浙江省宁德市山亭兰州路N座 927321
477,360726195909284110,邓俊,墨西哥,四川省马鞍山市安次北镇街B座 129651
478,431223198208141965,颜秀荣,瑞典,广东省玉华县大东徐路O座 299701
479,350629197609276101,夏芳,中途岛,宁夏回族自治区台北市西夏济南街g座 853398
480,140829197904043062,张静,法属波里尼西亚,广西壮族自治区关岭县徐汇林路x座 656978
481,429006193907012471,任英,利比亚,宁夏回族自治区北镇县金平惠州路t座 897198
482,420101194911252582,王凤兰,新西兰,广东省强市江北朱街i座 493185
483,51140119851221704X,余秀兰,斯威士兰,河北省南京县山亭沈阳路I座 665716
484,411527196506137410,孙明,蒙特塞拉特岛,重庆市晶市清浦梧州街B座 242966
485,230506194809305164,朱燕,阿尔巴尼亚,江西省辛集市浔阳济南路R座 774410
486,320200196710115121,朱鹏,加纳,吉林省合山县沈北新高街p座 350212
487,511722195106120749,陆丽丽,巴西,甘肃省柳州市六枝特方街g座 147993
488,350000195106298013,隆凤英,立陶宛,澳门特别行政区香港县沈河时路S座 520567
489,411422193612184519,王成,秘鲁,山东省帅市和平辛集路T座 901011
490,610624195505262613,徐桂芝,帕劳,香港特别行政区艳县长寿六安路u座 290940
491,130623196208037552,刘博,尼泊尔,吉林省旭市城东淮安路m座 400825
492,440232200012235326,卢龙,马来西亚,四川省敏县萧山马鞍山路D座 988043
493,320509193804218025,唐丽丽,巴西,广东省雷市朝阳王街w座 169764
494,340100198805080379,蔡坤,韩国,湖南省福州市静安李路C座 970719
495,140224200008223487,罗兰英,阿富汗,黑龙江省瑞县闵行汕尾街d座 385848
496,130481197712072688,李桂英,卡塔尔,江西省永安县涪城侯路x座 712649
497,36040319840928618X,关凯,捷克,台湾省昆明市南溪阜新路t座 513983
498,610429194604235377,李飞,保加利亚,江苏省燕县涪城佛山路R座 500512
499,130626196301158091,李红,中途岛,广西壮族自治区台北市朝阳上海路Y座 933034
500,640424196011305723,尹桂香,阿尔巴尼亚,河南省畅县白云梁街x座 328849
501,120221196905092040,樊峰,坦桑尼亚,四川省重庆县清城雷街d座 285101
502,150221197603234410,王志强,土库曼斯坦,辽宁省兴城市徐汇李路u座 143691
503,23082619470403104X,袁旭,南斯拉夫,河北省桂香县高坪福州路T座 122775
504,360430194011065708,景玉梅,托克劳群岛,甘肃省永安县魏都夏街Y座 224121
505,330481196602135695,欧雪梅,马尔代夫,海南省潜江市龙潭上海街X座 605346
506,131023199509049962,何丽娟,维尔京群岛和圣罗克伊,山东省建国县城东倪街G座 959691
507,610403196912265418,杨瑜,梵蒂冈,上海市天津市南溪陈街y座 357501
508,520624195810296543,张金凤,波斯尼亚和黑塞哥维那,黑龙江省银川县兴山黄街Q座 544334
509,211404198412284817,岳建,乍得,宁夏回族自治区淮安市吉区武汉路Y座 650031
510,140822196008145993,翁玉华,加纳,北京市重庆县白云上海街e座 273634
511,140423198406268095,张博,荷属安的列斯群岛,江西省贵阳市涪城西安路h座 968790
512,130823198302111130,刘桂荣,伯利兹,天津市梧州市西峰邓街r座 351756
513,510101194105192636,王洋,叙利亚,河北省小红市白云长春路S座 110056
514,410505196504050902,王成,罗马尼亚,香港特别行政区秀云市孝南澳门街H座 353273
515,542600198206203492,路芳,瑞士,天津市淮安县高明上海街g座 223143
516,140322197307283429,方桂花,爱尔兰,广西壮族自治区佛山市浔阳关岭街i座 893085
517,411700195509277458,刘洁,乌拉圭,宁夏回族自治区霞市大兴沈阳街a座 134649
518,340181198110159396,罗淑英,梵蒂冈,山西省敏县秀英刘路F座 938480
519,620822194709143718,张超,格林纳达,甘肃省娜县永川上海街J座 998258
520,222402198707121759,刘成,斯洛文尼亚,天津市静县双滦西安街D座 608115
521,440114196804120298,王军,博茨瓦纳,湖北省波市双滦呼和浩特街f座 825804
522,320115200011032405,卢玉,塞浦路斯,安徽省荆门县沙湾荆门路Q座 283253
523,441201199307286260,黄丽丽,津巴布韦,天津市广州县清河萧路s座 405926
524,45012319340317701X,林晶,挪威,海南省上海县淄川澳门街y座 409631
525,130602199302212080,郝倩,圭亚那,重庆市荣县海陵陈街F座 161875
526,611001198910144677,黄阳,沙特阿拉伯,河北省永安市蓟州嘉禾街z座 532409
527,440902195804098119,李飞,厄立特里亚,四川省军县金平刘街G座 996931
528,150784198302035175,潘海燕,摩尔多瓦,辽宁省斌县高港何路O座 603403
529,440306199908275715,赵明,阿拉伯联合酋长国,江苏省上海市萧山拉萨路x座 344885
530,522323196201144193,韦坤,中国,黑龙江省凤英市六枝特何路g座 330462
531,522631198211233785,李楠,多米尼加共和国,陕西省建军市永川魏路s座 898220
532,654026197902273631,张桂英,密克罗尼西亚,重庆市刚县南溪林街i座 409671
533,371300200107268777,李佳,蒙古,北京市峰县沈北新刘路x座 721610
534,320707193504131997,李旭,圣卢西亚,江西省北京县双滦拉萨路f座 553417
535,220103199705110602,林秀梅,波兰,澳门特别行政区杭州市华龙罗街m座 120970
536,350304196407256219,杨旭,土耳其,浙江省柳州县花溪刘路A座 350896
537,371725199305112881,周明,扎伊尔,上海市巢湖市沈河李街U座 170983
538,510700194510023533,薛晨,马约特岛,浙江省玉市新城张家港路r座 427158
539,652927197007310276,孙桂芳,尼日尔,内蒙古自治区琴市房山张路j座 939857
540,330726193612150512,杨鹏,印度尼西亚,江苏省大冶市朝阳长春街l座 927361
541,350825197105232178,谢英,丹麦,浙江省辉县大兴周街I座 248349
542,370901195005066116,喻丽丽,斯洛伐克,甘肃省南宁县沙湾王路u座 404577
543,654002193510272067,王晨,科威特,安徽省晶市黄浦方路l座 527018
544,341124193011106126,杨健,也门,四川省红梅市海陵魏街A座 814710
545,350783194504141657,赵丽丽,圭亚那,山东省张家港市城东艾路Q座 518610
546,610423198503114453,宋柳,海地,西藏自治区深圳县滨城广州路B座 950550
547,520000197901250642,白健,安提瓜和巴布达,浙江省哈尔滨市新城太原街O座 879397
548,411722197402124950,何博,葡萄牙,湖南省深圳市清河董路p座 105265
549,210381196507122447,孙浩,洪都拉斯,辽宁省文市萧山佛山路b座 971013
550,41022319740916454X,王建,厄立特里亚,河北省宁德县上街严路B座 764164
551,360921193209217849,郑凤兰,巴拿马,江西省柳州县东城魏路N座 323594
552,150200194309154529,胡建,所罗门群岛,江苏省淑兰县高坪邓路U座 740293
553,410704198411097035,欧志强,澳大利亚,重庆市北京县静安韦街H座 235311
554,440825195803031966,陈秀兰,瓦里斯和富士那群岛,广东省芳县大东海门街k座 514921
555,652922196510011322,胡柳,保加利亚,四川省澳门县静安汕尾街d座 709848
556,340721198912181153,王龙,坦桑尼亚,重庆市巢湖市南溪澳门街w座 131548
557,150526196406150940,张飞,圣多美和普林西比,陕西省鹏市大东张路B座 919804
558,610621196110130144,徐英,加纳,山东省荣市黄浦黄街t座 500532
559,530425198902074500,张燕,捷克,天津市凤兰县西夏白街Q座 859529
560,23080319981001193X,陈海燕,尼加拉瓜,黑龙江省林县门头沟台北街u座 157541
561,210112197506261411,刘玲,梵蒂冈,江苏省阳市吉区刘街p座 458444
562,360723193608239406,邹玉兰,利比里亚,宁夏回族自治区金凤市梁平李路k座 400574
563,620522194110029015,刘桂芳,圣诞岛,湖南省桂珍县东丽汕尾街P座 323530
564,360824193909168615,罗建军,也门,天津市鹏县城东杭州路F座 148752
565,140701196509141176,饶红,伯利兹,天津市华县璧山梁街j座 522584
566,51160219761101198X,唐桂花,留尼汪岛,台湾省南京市魏都林街Y座 845766
567,510921194003165417,万利,法属圭亚那,浙江省武汉市浔阳深圳街y座 764750
568,650106193407168074,雷旭,莱索托,河北省建市静安王街A座 405310
569,46020519530706799X,刘凤英,安哥拉,海南省昆明市平山杨街N座 300224
570,120101198410313153,何艳,法属波里尼西亚,北京市玉兰市锡山赵路T座 636238
571,34120019460812836X,杨凤兰,奥地利,海南省宜都县吉区哈尔滨街y座 993862
572,331024195701217335,李玉华,巴拿马,台湾省岩县吉区成都街U座 157442
573,13050219540113917X,杨林,巴林,海南省荆门市城北柳州路H座 499381
574,340304195703299962,赵秀芳,蒙特塞拉特岛,山东省荆门市西夏盛路C座 861816
575,422802198403125290,王晨,科科斯岛,福建省海口市新城大冶街Y座 898879
576,330324193806170218,冯文,埃及,青海省婷婷市孝南沈阳街s座 661293
577,632723194003245960,石丽,桑给巴尔,云南省杨市上街张家港街k座 538521
578,341124197209035851,王萍,肯尼亚,贵州省关岭市孝南潮州路c座 628192
579,370283193011035962,刘超,菲律宾,台湾省西安县清河上海街Z座 642811
580,421321196710016432,商静,乌兹别克斯坦,四川省武汉县怀柔巢湖路o座 394910
581,640303196307083042,袁娜,牙买加,香港特别行政区斌县华龙广州街K座 654579
582,211402194604218696,刘桂英,加拿大,湖南省海口市沈河闵街V座 472579
583,652300195704116442,吴建,柬埔塞,湖南省郑州市花溪合肥街U座 133412
584,610727199303022243,吕强,科科斯岛,甘肃省柳州市黄浦刘街q座 934545
585,140824196701164423,周岩,马绍尔群岛,天津市浩县六枝特宜都路P座 418198
586,130600195011210156,刘淑珍,荷属安的列斯群岛,西藏自治区北镇市海陵石家庄路G座 389809
587,340500195308044893,张萍,老挝,西藏自治区齐齐哈尔县魏都武汉路G座 758071
588,430724194107073881,高莹,突尼斯,湖南省磊县平山昆明街C座 915227
589,32131119320828970X,韩秀荣,克罗地亚,陕西省马鞍山市白云邯郸路V座 568778
590,350924196708229087,单洁,阿拉伯联合酋长国,内蒙古自治区武汉市永川边路g座 944456
591,140700195509270639,高斌,津巴布韦,山东省俊县江北哈尔滨路U座 329247
592,410106197602227002,黄欣,安哥拉,重庆市南宁县龙潭福州街g座 185617
593,341500199002102703,罗荣,卢森堡,甘肃省桂芳市南湖郭路d座 183797
594,640201197602295319,项红霞,古巴,广东省哈尔滨市翔安北京街d座 993735
595,420606193807088107,卢英,直布罗陀,福建省成县徐汇梧州路W座 514352
596,460105198810057391,张秀云,新喀里多尼亚群岛,湖南省柳州市大东六安路c座 171558
597,130902199005158862,武娟,匈牙利,河北省凤英市房山朱街u座 871751
598,522300198011053789,田佳,西撒哈拉,广东省石家庄市长寿通辽街U座 346622
599,23020319351215772X,徐荣,格林纳达,陕西省颖市海港陈街R座 898411
600,630224198611141124,刘欢,法属圭亚那,湖南省通辽县城东合肥街k座 544049
601,340225198005083355,王想,卢森堡,海南省鹏县东城呼和浩特街m座 806119
602,370601194604170256,蒋云,波多黎各,云南省海口市双滦周街k座 716873
603,653226199107055837,赵瑞,伊郎,青海省潜江县长寿宜都街C座 687569
604,150201194307228797,李利,马里亚纳群岛,陕西省明市东城赵街X座 977693
605,220421193708142951,韩宁,索马里,广西壮族自治区晨市和平呼和浩特路Q座 329063
606,51111319380610862X,邓桂香,牙买加,四川省关岭市锡山太原街B座 955146
607,421303198311101222,卢晨,迪戈加西亚岛,香港特别行政区强县兴山沈阳路a座 754702
608,140600196807191970,李金凤,奥地利,浙江省兰州市梁平六安路U座 473971
609,532925200108056056,周洋,马里,新疆维吾尔自治区凤英市大东齐齐哈尔路a座 278536
610,13028119610925078X,冉莉,日本,江西省丽华市大东淮安路l座 683620
611,510603193210296002,马涛,多米尼克国,江苏省凤兰县沙湾杜街s座 496722
612,411729195008207550,李凤兰,安道尔,台湾省通辽县合川张家港街e座 721272
613,430700197101131764,田琴,多哥,海南省玉华县永川杨街i座 621454
614,530113194505235622,白兰英,卢森堡,四川省长春市清城牛路T座 162340
615,650104194711052932,曹飞,汤加,吉林省娟市东丽田路H座 699670
616,520300200011106615,唐小红,韩国,云南省南昌县孝南南宁街J座 370123
617,370481198512182750,张莹,莫桑比克,湖北省桂英县大东武街B座 134799
618,620921198102204438,张颖,桑给巴尔,甘肃省广州县龙潭梁街S座 357627
619,320105195110152422,胡杰,挪威,青海省博市永川贾路e座 534521
620,36040019840528556X,史凯,苏里南,内蒙古自治区香港县海港嘉禾街o座 506118
621,141100196410278609,穆娟,乌克兰,台湾省银川县徐汇合肥街G座 191344
622,63010119881222388X,丁飞,南非,湖北省乌鲁木齐县西峰长沙路d座 225659
623,370214194708258180,王丹,加那利群岛,安徽省北镇县上街贵阳街B座 938615
624,450681198407213093,曲雪梅,瑞典,广东省合肥县永川昆明路s座 995958
625,46010119510717145X,侯军,厄立特里亚,安徽省上海市西夏齐齐哈尔路U座 950796
626,130981199304191449,常桂芝,圣诞岛,安徽省呼和浩特县高明黄街i座 100801
627,610203199606111739,傅辉,列支敦士登,广东省西宁市南长昆明街A座 765458
628,360321198401200705,章桂香,牙买加,新疆维吾尔自治区桂花市双滦巢湖街S座 756128
629,360827196408285269,崔玉英,马里亚纳群岛,西藏自治区丽华县长寿南京街x座 627701
630,500111197608078995,王桂芝,科克群岛,江苏省兰州县静安沈阳街a座 653410
631,211122194506235360,张秀华,特克斯和凯科斯群岛,黑龙江省帅市平山北京路E座 207115
632,520423194001037451,张阳,蒙特塞拉特岛,吉林省桂芝县白云刘街N座 477867
633,441422196001260657,朱晨,尼加拉瓜,海南省巢湖县滨城杜街Q座 877243
634,210502194209136142,郭丽,法国,宁夏回族自治区勇县朝阳刘街F座 362457
635,411281193504190777,徐芳,毛里求斯,河北省金凤县南溪兴城路M座 556949
636,431224196707256166,甄浩,海地,重庆市哈尔滨市南湖哈尔滨路i座 367225
637,430802195101027798,刘强,苏里南,内蒙古自治区呼和浩特县花溪关岭街t座 801935
638,331004194502279058,蔡小红,莱索托,湖南省齐齐哈尔市清河海口街v座 913603
639,450512199005061759,刘晨,中非,宁夏回族自治区晨县崇文拉萨街w座 614398
640,140923194210144065,赵晶,密克罗尼西亚,江苏省潜江市合川太原路b座 493816
641,410225196703080409,贾宁,立陶宛,新疆维吾尔自治区潮州市沙市武汉路P座 678189
642,45103119500802208X,杜桂香,俄罗斯,天津市金凤县永川北京街S座 603816
643,23071219421004201X,吴秀兰,东萨摩亚,西藏自治区关岭市朝阳谢街N座 440243
644,469029198412124206,王秀珍,智利,湖北省兴城市吉区惠州街G座 399225
645,410403193110012696,张小红,乍得,山西省波市上街庄街h座 757209
646,620981198405068396,罗霞,基里巴斯,山东省静县清河嘉禾街v座 651514
647,410300196804200789,应桂芝,纳米比亚,广西壮族自治区秀荣市房山陆街o座 791199
648,130522197308137449,刘淑华,巴巴多斯,福建省柳州县海陵呼和浩特街n座 254967
649,231100199202044328,朱桂花,伊郎,山西省佛山县和平西宁路G座 650991
650,530927198309309911,李玉华,斯威士兰,广东省福州县高港戴街u座 442278
651,654002197210188005,张颖,列支敦士登,海南省长春县淄川虞街A座 911613
652,13012819961220631X,周阳,韩国,湖南省淮安市龙潭台北街q座 735665
653,533103197101057077,李桂英,蒙特塞拉特岛,江苏省惠州市华龙孙街m座 691339
654,230108197005133314,缪辉,巴林,湖南省刚县永川陈街J座 758579
655,321323199707174862,潘建,科摩罗,广东省石家庄县清河台北街u座 576758
656,610501193804126022,李帆,缅甸,河南省香港市海港香港路z座 881230
657,652328200111131719,杨兵,塔吉克斯坦,安徽省凤英市翔安刘街O座 900141
658,231202196910182160,王欢,所罗门群岛,江苏省颖县璧山张街n座 965746
659,420303195311082960,张丽娟,留尼汪岛,甘肃省太原县淄川乌鲁木齐路L座 949468
660,410403194502209089,潘秀华,斯洛文尼亚,宁夏回族自治区宁德县清河张街R座 541308
661,130636197912201594,朱洋,马约特岛,宁夏回族自治区淑珍市蓟州王街C座 836532
662,520322193110106616,高秀梅,博茨瓦纳,贵州省荆门县高港郑路a座 569132
663,410726194012205270,郭林,圣卢西亚,浙江省玉兰县安次杜街d座 787529
664,623000196203050661,江建军,西撒哈拉,吉林省邯郸市璧山哈尔滨街R座 149313
665,532801193006078853,杨琳,保加利亚,海南省丽市长寿兴安盟街R座 334040
666,654226193107278065,李艳,不丹,香港特别行政区志强县和平嘉禾街R座 812893
667,530522197604128998,邓瑜,科克群岛,西藏自治区辛集市秀英龚路k座 538406
668,350301197204127893,祁秀兰,马里,内蒙古自治区沈阳县锡山沈路U座 972932
669,330329194008262229,张林,中国,天津市海燕县友好王路K座 154050
670,130902199401022780,张晨,新加坡,贵州省福州县华龙李街W座 468877
671,130500195307292482,况荣,刚果,吉林省秀英市南长齐齐哈尔路W座 587698
672,350925198404238190,苏明,伊拉克,宁夏回族自治区文县双滦黄街h座 841156
673,130105194607182926,田伟,白俄罗斯,河南省丹丹县丰都崔街n座 723629
674,429005195901099804,王琴,马里,福建省武汉市怀柔济南路f座 620755
675,610826197803300270,袁秀英,智利,青海省帆市涪城惠州街V座 897169
676,44011119790320939X,贺兰英,圭亚那,青海省琴县秀英满路d座 434203
677,33078319351114185X,熊丽,列支敦士登,北京市桂香市六枝特杭州路X座 560953
678,140724195207025129,罗丽,瓜德罗普岛,河北省洁市西夏沈街X座 486184
679,231004199710286032,郝冬梅,冰岛,江苏省银川市淄川合肥街c座 496702
680,653129196707206547,王秀英,亚美尼亚,安徽省昆明市蓟州福州街i座 829587
681,450900198308042397,沈伟,瑞士,新疆维吾尔自治区桂兰市梁平王街F座 463779
682,429021193309100184,陈霞,马来西亚,青海省淑珍县徐汇淮安路t座 379820
683,371526198112224837,萧楠,圣文森特岛,辽宁省台北市清城北镇路f座 827804
684,451100193503212261,吴玉珍,东萨摩亚,陕西省拉萨市清浦长沙街a座 721003
685,130927196005160210,施欢,古巴,山东省哈尔滨县蓟州沈阳路y座 976749
686,440116196702126544,欧涛,波多黎各,浙江省玉英县高坪梧州路D座 601067
687,510122198009088310,谢坤,厄瓜多尔,广西壮族自治区阳县海陵常路q座 276142
688,321002197306298461,朱斌,圭亚那,台湾省梧州市江北广州路a座 550934
689,210303194912188353,郭龙,冰岛,贵州省兴安盟县房山刘街j座 570900
690,411122193311272025,李桂香,马提尼克,陕西省金凤县高港杨街T座 119377
691,520624195908283898,马佳,安哥拉,宁夏回族自治区桂芝市丰都孙路t座 270049
692,341503194901041373,覃林,巴拿马,河北省丽华市安次刘路e座 148296
693,610722198309061810,单琳,保加利亚,云南省台北市静安东莞街y座 960960
694,410328198012316324,杨宁,科摩罗,澳门特别行政区杰市淄川荆门街z座 495281
695,330183197308289782,潘秀梅,特克斯和凯科斯群岛,天津市哈尔滨县山亭王街v座 538119
696,520113197512074400,陆桂花,缅甸,澳门特别行政区秀荣市淄川谢路I座 230467
697,320601199606303642,田秀珍,安圭拉岛英,甘肃省张家港市滨城刘路H座 644688
698,445321195212036185,张帆,格陵兰岛,西藏自治区军市双滦吴路N座 177551
699,370827196706270964,王静,哈萨克斯坦,湖南省兰州县吉区王街b座 776275
700,232721193609121901,周琴,卢森堡,青海省秀云县长寿宁德路J座 117007
701,532930196105084109,刘燕,泰国,吉林省荆门市浔阳石家庄街v座 682945
702,451201199512316715,李淑兰,南非,台湾省桂荣市沙湾阜新街y座 185392
703,520123193301209437,邢敏,意大利,重庆市嘉禾县山亭宜都路c座 937030
704,610828196106030410,薛建平,伊郎,山西省淑珍县城东马路c座 933958
705,450200197808045911,汪秀芳,托克劳群岛,山西省雷市西夏周路X座 734018
706,420684195206296486,刘飞,意大利,广西壮族自治区汕尾县兴山张路D座 910448
707,530627193709294385,高颖,摩洛哥,北京市伟市上街王路u座 901687
708,340302194609146540,廖淑英,布隆迪,湖北省倩县平山徐路V座 975363
709,540234195308144119,王勇,挪威,天津市马鞍山县合川戴街X座 976893
710,421087193804089178,朱秀云,法属波里尼西亚,北京市凤兰县徐汇济南路k座 585797
711,210502199601101705,杨琴,波多黎各,澳门特别行政区沈阳市锡山重庆街T座 376584
712,320206195909051800,谭刚,多哥,云南省林县沙市董路a座 177182
713,652101196803251826,胡帅,奥地利,台湾省郑州县璧山彭街m座 819649
714,230601196604202172,萧建平,土库曼斯坦,北京市飞市大兴六盘水街F座 509025
715,34070319930613472X,毛瑜,新喀里多尼亚群岛,澳门特别行政区旭县普陀南昌街o座 723429
716,650104193512308363,和梅,法国,广东省宜都县牧野黎路w座 921389
717,361128194906096460,许梅,特立尼达和多巴哥,河北省帅市安次万街G座 667162
718,450602195002031188,李刚,冈比亚,广东省红市城东北京街u座 732551
719,460101198106223602,李欢,乌干达,浙江省潜江县花溪南昌街G座 408380
720,511521199102124145,杨凤兰,贝宁,西藏自治区柳州县南长马鞍山路k座 959020
721,210804194509250157,唐晶,卡塔尔,辽宁省建国市龙潭宁德街Y座 826175
722,654022194408139323,王秀梅,科特迪瓦,江西省沈阳市魏都刘街u座 277782
723,650106199605082754,刘楠,塔吉克斯坦,湖北省贵阳县徐汇沈阳街s座 536187
724,610116194808193481,崔飞,圣文森特岛,西藏自治区杰县滨城王街b座 705759
725,360726194203131476,陈秀英,吉尔吉斯斯坦,湖南省沈阳县东城兰州路H座 807932
726,511113194308235153,李淑兰,布隆迪,河北省成市浔阳乌鲁木齐街Q座 375294
727,510600195401271748,饶东,马绍尔群岛,广西壮族自治区龙市清浦黄路b座 286602
728,130108199106140404,王军,塞舌尔,青海省济南市双滦淮安路k座 762458
729,512022194110196744,陈艳,萨尔瓦多,江苏省晶市朝阳惠州街r座 751442
730,330801195111083347,陈建国,波兰,江西省阜新市平山合山路m座 865552
731,152527198003085045,刘婷婷,挪威,湖北省俊县徐汇李路e座 573621
732,43011219720702461X,陈莉,尼日利亚,安徽省霞县朝阳澳门街A座 243160
733,640106199609017333,许雪梅,西萨摩亚,江苏省哈尔滨市南长李街J座 951037
734,230701194605175731,王凤兰,阿拉斯加,江苏省郑州市永川武汉街q座 501219
735,542123193008246162,白柳,博茨瓦纳,澳门特别行政区峰市安次台北路e座 851541
736,61072419420707499X,郭志强,几内亚,江苏省淑珍市花溪武汉街r座 379462
737,542427196703315532,周慧,圣马力诺,上海市银川市牧野吕路x座 106710
738,230382196112151796,吕晶,丹麦,湖南省东莞县滨城韦街D座 174369
739,520425196011090506,宋瑜,厄瓜多尔,北京市太原县新城海门路y座 558991
740,54022819390526565X,王斌,卢森堡,云南省辛集市滨城永安街O座 551550
741,211100197306129438,潘辉,帕劳,山西省佛山县闵行周路U座 675228
742,420801195807036831,丁健,纽埃岛,江苏省上海市淄川郑州路Y座 655158
743,441402197709203809,张阳,贝宁,澳门特别行政区淑英市锡山巢湖路U座 280088
744,500107198601056830,李秀云,阿根廷,河北省涛市南长黄街u座 242996
745,511802196803224687,魏红,俄罗斯,河北省博市六枝特赵路u座 608716
746,610727200005017644,洪成,波多黎各,广西壮族自治区贵阳县南长米街u座 939501
747,533100195504287469,赵红梅,尼日尔,广东省晨县六枝特潮州街d座 840185
748,150824199103068859,王云,贝宁,安徽省北镇县高港深圳路f座 342867
749,210181196002112111,路峰,菲律宾,福建省北镇市南溪张街M座 679821
750,140411197307159627,邓海燕,法属波里尼西亚,浙江省雪市江北路街G座 267227
751,63250019320101213X,许秀芳,托克劳群岛,北京市鑫市牧野胡街H座 456934
752,630200197709179547,姜婷婷,瓦里斯和富士那群岛,陕西省文市龙潭刘街A座 263975
753,522628199011063044,王玉梅,俄罗斯,湖北省秀英县门头沟海口街C座 649754
754,410421197212151399,冉燕,科摩罗,浙江省艳县平山佛山路k座 212151
755,360703193212026142,何瑞,瑙鲁,江苏省宇县城北天津路F座 275656
756,22050319300601574X,秦辉,科克群岛,天津市嘉禾县龙潭苗街M座 934178
757,530324198312282121,邓宁,东萨摩亚,重庆市太原市南湖梧州路W座 394916
758,370812196303052757,章敏,阿鲁巴岛,陕西省琴市沙湾柳州街k座 274549
759,141025199710217205,蒋文,布基纳法索,吉林省北镇市涪城陈街P座 602933
760,610922194110097173,姚华,以色列,甘肃省伟县高坪哈尔滨街k座 250783
761,430621197508184047,秦丹丹,南斯拉夫,辽宁省璐县东丽曹街k座 798716
762,361029194810135075,朱伟,科科斯岛,西藏自治区静市孝南张街H座 673352
763,530825195411228454,林玲,土库曼斯坦,西藏自治区静县长寿李路T座 558650
764,430503193612150828,葛林,新西兰,西藏自治区嘉禾市翔安黄路o座 457423
765,511722193907111990,王丽华,约旦,甘肃省欢县朝阳易路Z座 593562
766,510682199102019422,侯红,加蓬,上海市郑州市金平兴安盟街i座 539741
767,15082119750516276X,葛海燕,丹麦,广西壮族自治区关岭县丰都郭路c座 565931
768,621221198001060482,李秀芳,阿尔巴尼亚,四川省冬梅县南溪易路I座 513581
769,360622199210072568,蔡凤兰,中国,广东省柳县永川刘路H座 706201
770,150502198102117525,任波,毛里塔尼亚,湖北省玉华县沙市邯郸路O座 239719
771,321100193411138229,丁瑜,以色列,浙江省重庆县上街巢湖街l座 371475
772,230722200005075219,陈璐,尼泊尔,福建省乌鲁木齐县南长乌鲁木齐街n座 823041
773,130534197702202291,胡荣,法国,河北省天津县城北张路O座 148880
774,640181194608099215,王玉华,伊拉克,湖北省福州县东丽太原街q座 632562
775,360728195707231208,谌玉华,苏里南,广东省淮安县平山澳门路l座 969522
776,41072819480101690X,陈云,圣皮埃尔岛及密克隆岛,河南省永安市兴山柴街C座 642628
777,410482199908136607,余志强,老挝,云南省小红市徐汇宋街m座 962546
778,340202193910081248,张利,桑给巴尔,重庆市福州市高坪西宁街E座 115938
779,522731199506012269,董小红,拉脱维亚,江苏省长春市长寿杨街z座 849469
780,610430196008156650,唐兵,加那利群岛,上海市邯郸县花溪叶街y座 880619
781,140108195210207641,丁玲,布隆迪,山东省张家港县南湖冯街i座 479655
782,371422195911196831,萧玉,朝鲜,天津市辉县西峰傅路d座 501081
783,33020019580914769X,张勇,几内亚比绍,台湾省重庆县东丽柳州路G座 524377
784,361126195608255576,梁建平,东萨摩亚,新疆维吾尔自治区太原县清浦王街N座 180715
785,320402193112071050,贾丽,赤道几内亚,西藏自治区福州市徐汇曾街R座 245532
786,451300198809130756,郭超,立陶宛,广西壮族自治区海门市上街陈路m座 164607
787,360281198608241433,王丹丹,索马里,江西省明市城北高街b座 214788
788,340801195507178600,张玉兰,卢森堡,江西省成都县普陀天津路l座 275457
789,330421195808018215,陈斌,新喀里多尼亚群岛,湖北省辛集县沈北新阎街Y座 833241
790,130527199304250293,蒲岩,乌干达,吉林省玉县长寿陈街C座 418846
791,210104193704277651,隋欣,梵蒂冈,西藏自治区雪梅市清城重庆街O座 841020
792,500113199403213032,吕军,尼日利亚,浙江省凯县海陵余路a座 782580
793,340523196802291178,范建,英国,新疆维吾尔自治区天津市白云宜都街h座 716219
794,231223193506038093,樊辉,牙买加,山西省想市梁平魏街y座 253230
795,420301197107311910,李玉华,加纳,海南省超市清河天津街E座 424908
796,15222419940831778X,张浩,乌干达,吉林省佳市锡山黄路L座 130635
797,341723193110035753,王燕,瑞典,安徽省丽市闵行方路a座 311702
798,43122619690514570X,许成,以色列,海南省杭州市南湖北京街M座 444848
799,511825195701294529,彭柳,摩尔多瓦,青海省磊县上街吴路D座 441766
800,360823194410212953,王娟,中华人民共和国,宁夏回族自治区南昌县东城通辽街Y座 513738
801,630101195605014301,梁雷,坦桑尼亚,湖北省琳市长寿王街B座 882232
802,410204198602050574,李旭,扎伊尔,上海市长春县永川银川路Y座 303891
803,520321193708248487,孟浩,墨西哥,上海市建国县白云西宁路l座 423473
804,330226193509098966,王敏,诺福克岛,河北省桂英市江北程路g座 879861
805,32058219490511645X,曹玉梅,巴哈马国,北京市银川县永川哈尔滨街Z座 770480
806,441302198210184601,陈荣,安圭拉岛英,甘肃省秀芳县怀柔梧州街k座 166893
807,62030019330531092X,杨丽丽,尼日利亚,湖北省潜江县清河杨路C座 811592
808,340521193709187353,白建国,埃塞俄比亚,安徽省福州县金平董路L座 108344
809,220422197001300615,黄凤英,尼加拉瓜,重庆市成都县南溪北镇路g座 466941
810,652222199510229431,伍婷,科科斯岛,山西省关岭县浔阳北京路g座 103731
811,130502194306241657,刘欣,莱索托,青海省六盘水市合川赵街h座 611142
812,410327195309036083,吕凤英,菲律宾,山东省北京县清浦成都路f座 896060
813,330424193406260180,王英,多哥,陕西省辛集市金平西安路g座 556046
814,230207198610110296,陈丽,土耳其,安徽省关岭市长寿北镇路z座 939207
815,430802199909033881,王博,德国,河南省邯郸县永川杨街q座 817014
816,640401197601044703,吴丽丽,斯洛文尼亚,澳门特别行政区兴城市长寿蔡路t座 756079
817,530126195001041230,袁秀云,格鲁吉亚,山西省沈阳县房山贵阳街E座 564624
818,371602198508097066,杨小红,埃塞俄比亚,河北省桂芳县吉区银川路i座 611857
819,330825198204136270,毕建国,维尔京群岛和圣罗克伊,山东省健市海陵刘街G座 189810
820,150501199011230870,阎成,法属波里尼西亚,台湾省兴城县怀柔兴城路Y座 972577
821,230129198201189979,马想,布基纳法索,台湾省佛山县江北南宁路J座 470197
822,330624194801264443,曹艳,中途岛,安徽省东莞市静安莫街b座 206480
823,341823197809074733,李建军,密克罗尼西亚,宁夏回族自治区张家港县白云齐齐哈尔街A座 280041
824,630103197404098758,陈志强,波多黎各,宁夏回族自治区海口县西夏马路L座 647931
825,141082198308242077,王帆,希腊,河南省合肥县大东荆门街u座 215410
826,360729196210260100,李秀芳,保加利亚,澳门特别行政区石家庄市大东大冶路w座 609263
827,350500199610055331,姚俊,留尼汪岛,贵州省成都市清河西安街F座 838699
828,610729193812102247,石鹏,埃塞俄比亚,台湾省银川县白云西安街i座 467461
829,14030219771104984X,谢淑兰,索马里,重庆市玉珍市高港张路c座 361991
830,320111198806097426,林雪,保加利亚,上海市太原市高港祁街j座 985024
831,410481198912311948,夏秀兰,克罗地亚,江西省呼和浩特市淄川长春路G座 960652
832,371727194802179374,徐建华,安圭拉岛英,天津市南京市六枝特敖街R座 358325
833,36068119431125187X,王慧,摩尔多瓦,香港特别行政区兰州县南湖六安路E座 648286
834,62050219530329106X,张英,格鲁吉亚,海南省娜县东城陈街l座 951749
835,440511196407073654,甘敏,波斯尼亚和黑塞哥维那,湖北省永安市普陀沈路j座 775958
836,530924197108163692,曹瑜,瓦里斯和富士那群岛,广西壮族自治区桂荣县大东马鞍山街x座 890622
837,61052419940401826X,李建,塞浦路斯,重庆市通辽市西峰李街M座 278818
838,150622198608160310,何畅,圣皮埃尔岛及密克隆岛,黑龙江省北京县永川钱街a座 815393
839,532504198707144169,赵利,拉脱维亚,辽宁省西宁市牧野深圳路F座 235547
840,350582196710037596,郝坤,所罗门群岛,陕西省平市魏都佛山街I座 375630
841,130184195001221863,方琴,中华人民共和国,吉林省六盘水县朝阳东莞街q座 954902
842,632722194212107357,王秀芳,澳大利亚,贵州省西宁市沈北新巢湖路r座 896772
843,610622197712204922,陈雪,毛里塔尼亚,台湾省兴安盟县双滦吴路Z座 559830
844,441203195902289786,魏杨,毛里塔尼亚,陕西省超市华龙合山路A座 268283
845,141023200105134455,王楠,葡萄牙,青海省建国县和平林路t座 168915
846,41152219570122808X,莫博,德国,吉林省波县长寿陈街P座 962013
847,500103195906120216,王丹丹,韩国,内蒙古自治区莹县兴山汤街g座 574148
848,430611198405123753,冉强,厄立特里亚,安徽省昆明县魏都昆明路m座 570666
849,232721195108037452,赵伟,英国,浙江省坤县徐汇魏路M座 328748
850,15092919910312140X,许丽,罗马尼亚,海南省通辽市浔阳南昌街H座 400732
851,210800195112181615,亢萍,马其顿,云南省云市黄浦王街r座 191697
852,350881196612012926,杨玉梅,玻利维亚,北京市拉萨县平山杨街E座 613179
853,61083019851023263X,陈玉梅,东萨摩亚,浙江省勇县西夏雷街d座 518553
854,421181198001096518,陈淑兰,波斯尼亚和黑塞哥维那,辽宁省磊市友好蒙路G座 103820
855,411600199401135514,陈彬,留尼汪岛,浙江省福州县上街李路G座 829649
856,430500193404201302,谭柳,几内亚,海南省成都县黄浦周路p座 348057
857,130427197206171407,钟彬,瑙鲁,安徽省南宁市丰都齐齐哈尔街P座 907592
858,370305199412059686,蔡洋,捷克,福建省北镇市长寿南宁街d座 235423
859,370105197409163140,吴丽,安哥拉,安徽省秀英市怀柔张街Q座 661698
860,64018119941225874X,邵超,叙利亚,湖南省东县璧山罗街g座 992298
861,61040119500607118X,陈萍,比利时,澳门特别行政区张家港市沙湾沈阳街x座 871802
862,370703198704228909,张宁,巴拉圭,贵州省鑫县兴山澳门路u座 861204
863,420222196510255148,黄红,扎伊尔,湖北省西宁市普陀张街n座 786904
864,150203199502164229,简桂花,阿根廷,天津市秀兰市徐汇陆街h座 823786
865,130481195105206200,胡岩,多哥,辽宁省婷市高港郑州街O座 533168
866,653122199308147753,李霞,牙买加,广西壮族自治区长沙市静安杨街H座 121864
867,210202193808089164,阎红霞,威克岛,江苏省兰州县魏都佛山路C座 256552
868,150922195212240034,张秀兰,沙特阿拉伯,山东省莹市吉区汕尾街h座 792930
869,370830197601044496,唐燕,安圭拉岛英,重庆市南宁县淄川呼和浩特街h座 591869
870,411301194106298553,李桂兰,圭亚那,辽宁省潮州市上街刘路F座 903827
871,411601197411265117,师阳,冈比亚,四川省辉市合川聂路d座 654480
872,330500198409283617,孙婷,以色列,云南省香港县兴山杨路b座 620947
873,621022198012099265,姜林,斯威士兰,山西省汕尾县合川北镇街g座 424461
874,130421197204122806,李桂珍,圣赫勒拿,甘肃省勇市安次荆门街U座 752769
875,130926198512025577,荆秀云,巴布亚新几内亚,福建省洁市普陀赵路S座 239953
876,350481196805317468,武红梅,斯洛伐克,辽宁省晨县兴山大冶街O座 215984
877,340102193902142703,洪畅,西萨摩亚,黑龙江省莉县丰都徐路V座 689861
878,430701197602143954,汪桂珍,土耳其,台湾省北镇县高港狄路L座 650260
879,440104195310207425,周建军,波斯尼亚和黑塞哥维那,江苏省俊县新城关岭街c座 132450
880,44078519521009556X,罗超,博茨瓦纳,上海市惠州县魏都银川路t座 853936
881,610124196205072567,张彬,尼日利亚,辽宁省金凤市秀英董街j座 572081
882,621000195605097917,罗兰英,哥斯达黎加,山西省邯郸市沈北新深圳路T座 459762
883,130532196307152637,张洁,马拉维,浙江省丽娟县白云康街L座 327957
884,511302195105135781,郝淑华,突尼斯,甘肃省秀华县上街海口路N座 135940
885,623027197302083906,沈芳,巴巴多斯,海南省楠市普陀何路x座 796307
886,53253219780902576X,谢涛,法罗群岛,福建省俊市大兴长沙路e座 692384
887,532523200107194188,汪鹏,马约特岛,海南省莉市六枝特淮安街a座 947308
888,220605196206173680,张淑兰,马其顿,澳门特别行政区莉县花溪夏街p座 661054
889,330381196104223048,廖佳,乌克兰,香港特别行政区玲县和平林路M座 460709
890,542426193407181963,叶雪梅,卢旺达,广西壮族自治区武汉市合川赵路H座 154583
891,511111195807223837,罗洁,贝宁,湖北省福州县海陵柏街G座 745899
892,420301196308246639,胡凯,瑙鲁,浙江省拉萨市清浦荆门街G座 691694
893,632700199111077333,黄强,加拿大,黑龙江省丹市龙潭潜江路A座 676734
894,440881196209282936,罗云,伊郎,香港特别行政区颖县南长张路F座 239133
895,331102199611245805,贺秀兰,关岛,安徽省海门市东城赵路I座 820405
896,511000199810232017,崔颖,海地,辽宁省东莞县翔安汕尾路W座 558344
897,210200195403195504,刘旭,尼日尔,陕西省杭州县梁平柳州路J座 270069
898,653129199802029095,邓燕,马拉维,四川省福州市吉区庄街e座 553287
899,410301194701249253,陈东,马耳他,吉林省桂花市秀英何街o座 877152
900,450900194008037141,冯柳,奥地利,山西省丽华县金平长沙街T座 447414
901,532527196603023894,宗鑫,桑给巴尔,辽宁省长春市双滦南昌街A座 643956
902,360723198612204479,郭敏,吉尔吉斯斯坦,宁夏回族自治区昆明县涪城六安路p座 675205
903,654000196701079439,董娜,阿森松,广西壮族自治区南昌市秀英王路L座 884866
904,350925193408065466,王玉梅,博茨瓦纳,内蒙古自治区建国市沙市邓街Q座 290098
905,430203193108184272,李秀兰,开曼群岛,云南省丽华县西峰惠州街f座 784115
906,23122519620614080X,胡淑兰,图瓦卢,广西壮族自治区沈阳市魏都李路O座 442737
907,330802198005279784,孙凯,津巴布韦,吉林省大冶县朝阳李街S座 693418
908,370783196507208098,戴秀芳,以色列,西藏自治区杭州县璧山汕尾路p座 223209
909,141082198906188680,王桂荣,美国,台湾省萍市海港张街i座 280633
910,33092219991206482X,郭文,瑞典,贵州省汕尾县金平刘路r座 727584
911,231000196009126859,孙辉,波兰,贵州省雪市孝南合肥街P座 852612
912,511011197804047843,钟丽华,科威特,新疆维吾尔自治区南京县普陀柳州街e座 273934
913,370826199308233751,鞠杰,俄罗斯,内蒙古自治区文市海陵通辽街P座 463097
914,440513196002018588,刘涛,蒙古,西藏自治区凤英市和平澳门街M座 472646
915,431124196811197412,唐玉兰,瑞士,山东省丹县南长徐街u座 670296
916,530000196501064565,彭利,亚美尼亚,辽宁省红霞市牧野澳门街G座 238250
917,620801199601216082,温玉华,苏里南,西藏自治区东市友好潘路s座 432403
918,630102199803177317,马东,哈萨克斯坦,重庆市宜都市友好罗街P座 670733
919,440783194505191658,朱莹,安哥拉,四川省哈尔滨县友好昆明路b座 135314
920,350100193005298221,卢婷婷,斯洛伐克,黑龙江省沈阳县安次西安街x座 790726
921,520112196112251788,尹成,捷克,香港特别行政区南京市涪城郭街v座 429896
922,652201199504055795,赵玉,秘鲁,广东省关岭市南长齐齐哈尔路d座 775590
923,320205196011228882,戴红梅,安道尔,河北省重庆县金平王路B座 426135
924,513401197501271689,王桂芝,圭亚那,江苏省天津县城北台北街r座 210193
925,131100193405189972,丁博,瓜德罗普岛,广西壮族自治区太原市西夏南昌街D座 882490
926,52062319430831467X,蔡楠,越南,湖南省乌鲁木齐市萧山吕街T座 203417
927,320100196507289446,方海燕,白俄罗斯,天津市宁德县清城佛山街V座 885628
928,510302196405182233,俞明,智利,海南省桂芳县沙湾淮安路E座 513352
929,330101193311167898,乔桂芳,波多黎各,青海省关岭县六枝特沈阳街H座 346439
930,370403197204150999,李东,冈比亚,河南省红市高坪荆门路z座 162038
931,330302199402103851,廖峰,朝鲜,福建省上海县房山汤路l座 729703
932,361125193612114287,傅桂英,马提尼克,重庆市梅市高坪马鞍山街v座 421481
933,620301197412270526,杨燕,不丹,山东省建华市海港胡路k座 937021
934,130722193704063050,黄桂香,扎伊尔,陕西省秀珍县翔安王路E座 217589
935,620701194408211361,林建国,朝鲜,上海市桂兰县上街徐路V座 264198
936,150581195706242636,黄超,安圭拉岛英,西藏自治区呼和浩特市合川蔡街A座 273593
937,230109198110045771,唐坤,马尔代夫,山西省惠州县城北王路k座 943708
938,35062619751202200X,周玉英,关岛,西藏自治区重庆市合川周路r座 342336
939,620201194201195299,窦玲,法罗群岛,吉林省秀珍县金平鞠路Z座 299787
940,150802199309012406,杨海燕,沙特阿拉伯,澳门特别行政区帆市龙潭嘉禾街N座 483405
941,211081197909203767,沈想,巴拿马,山西省马鞍山市丰都深圳路Q座 651244
942,341825193403142243,朱婷,津巴布韦,广东省建华市华龙张路W座 168417
943,445301195903050642,谢坤,直布罗陀,上海市六盘水县城东南宁街B座 580662
944,360723194908262848,王玉华,圣文森特岛,贵州省辛集县璧山任路g座 321758
945,440232199607045470,胡晨,吉布提,新疆维吾尔自治区乌鲁木齐县大兴李路G座 698950
946,410883195003304960,罗桂花,圣卢西亚,天津市健市长寿李街i座 632393
947,320206197702284382,李云,乌兹别克斯坦,陕西省长沙市高明淮安路D座 214053
948,230803198506220062,林志强,巴哈马国,湖北省秀梅市牧野沈阳街h座 604111
949,421022198405144904,杨辉,留尼汪岛,黑龙江省金凤县永川杨街w座 905920
950,420526198906182652,陈淑英,芬兰,天津市健县闵行沈街U座 394251
951,441621197411051363,杨秀梅,开曼群岛,湖北省辉县和平魏路H座 495007
952,440233195311101785,姜波,留尼汪岛,北京市鹏县白云吕街B座 411916
953,530427199410213786,张淑英,以色列,宁夏回族自治区欣县白云武汉街Q座 339184
954,330203198703028003,徐玉华,斯里兰卡,甘肃省欣市新城吕路z座 687628
955,141130193805059747,郭红,肯尼亚,天津市楠市涪城程路m座 262487
956,220122197004200779,张海燕,印度尼西亚,吉林省阜新县崇文谢街N座 451297
957,410526195803033536,李婷婷,法国,天津市冬梅市蓟州柴路D座 387143
958,140521197406092278,毕柳,巴林,澳门特别行政区磊县江北梧州街B座 805507
959,540222194504221687,阿英,佛得角,新疆维吾尔自治区张家港市黄浦北京路N座 772661
960,230828194406129498,尹艳,刚果,河北省想县花溪辛集路c座 873472
961,370181193503070192,朱丽丽,卢森堡,海南省斌市六枝特潜江路n座 917767
962,44022219811231765X,黄飞,安提瓜和巴布达,重庆市通辽市清浦宋街v座 321239
963,140301200012055536,唐林,阿鲁巴岛,广东省重庆市崇文郑州路R座 103171
964,370181193606273291,何健,瑞典,重庆市燕市魏都邯郸路T座 979519
965,610102197704166046,葛彬,卢森堡,山西省利县沈河田街X座 601029
966,320582195903040660,詹强,伊拉克,江西省涛市大兴杨街g座 894139
967,530111198702173104,何文,中非,云南省伟市和平太原路D座 254271
968,360730194805171074,李佳,马提尼克,上海市岩县华龙赵街B座 272868
969,211221195006046030,钟燕,法罗群岛,湖北省杭州县东丽巢湖路H座 885060
970,360222198902222719,张勇,关岛,山东省香港县普陀天津街b座 616319
971,320104198301319771,任晶,尼加拉瓜,澳门特别行政区凤兰县萧山王街W座 905704
972,350481195605065118,甘洁,圣克里斯托弗和尼维斯,湖南省利市南溪东莞路l座 840250
973,500111197210113367,罗欣,卢旺达,香港特别行政区南京市城北梧州路J座 102745
974,210502196301062720,邵玉梅,斯洛文尼亚,澳门特别行政区秀英县永川呼和浩特路c座 216662
975,230124197609162343,戴俊,威克岛,上海市济南县华龙太原街a座 450092
976,621025193507275706,李桂珍,阿根廷,四川省惠州县秀英袁路G座 956885
977,321281194005040822,位璐,摩洛哥,河南省明县华龙宁德街m座 899074
978,431100196302206703,石凤英,布基纳法索,广西壮族自治区六安市黄浦刘路T座 333575
979,632802199402111755,莫宇,所罗门群岛,江苏省佳市大兴淮安路o座 325955
980,420100197206224372,王冬梅,葡萄牙,上海市磊市清河阜新街L座 713699
981,370281195208051129,陈成,意大利,广西壮族自治区兰州市永川王街t座 424423
982,140900197701117466,支丹丹,保加利亚,宁夏回族自治区济南市安次宁德路f座 113247
983,450500200109037948,梅杨,牙买加,山东省凤兰县崇文屈街g座 247578
984,340122193501215823,王岩,缅甸,江西省莉市闵行昆明街o座 544920
985,430223193512310512,李淑英,瓦里斯和富士那群岛,甘肃省北镇县友好韩路A座 936831
986,36100219710721084X,程成,沙特阿拉伯,贵州省杭州市大东呼和浩特街S座 908427
987,320707197902124854,曾倩,新西兰,甘肃省丽丽市城北拉萨路U座 345506
988,370786198008234150,钟慧,多米尼克国,宁夏回族自治区潜江市金平吴路v座 904047
989,610600195902096507,李鑫,南非,山东省长春县兴山宜都路w座 943422
990,361125198803287335,杨玉兰,托克劳群岛,河北省合山县南长北京街y座 937708
991,411525195312192174,黄阳,巴拉圭,山东省波县梁平张街V座 835992
992,621223200111257131,胡强,吉布提,贵州省秀荣县沈北新南宁路s座 188768
993,350901193204267006,马楠,莱索托,重庆市上海县南长林街h座 776101
994,370214200001066167,杜建华,英国,陕西省邯郸市南长合山路O座 236029
995,150404194103027109,谢建国,扎伊尔,海南省建县璧山邯郸路y座 188641
996,451100197810121640,范玉英,格鲁吉亚,浙江省昆明县平山关岭路x座 186941
997,440308193407167076,吴雪,马尔代夫,海南省桂香市锡山王街F座 218043
998,371202197907025311,曾浩,新加坡,山东省刚市浔阳董街W座 431781
999,411422193411159536,王秀珍,密克罗尼西亚,四川省林县大兴刘路a座 852087
